case,reference,pushes,pops,stale,updates,boundary_cells,halo_cells
initial_ocean,1,0,0,0,0,98304,1866240
initial_ocean,0,0,0,0,0,6144,408104
initial_land,1,321,321,0,181,98304,1866240
initial_land,0,321,321,0,181,8448,278688
initial_relief,1,0,0,0,0,98304,1866240
initial_relief,0,0,0,0,0,8704,287992
uniform_air,1,0,0,0,0,98304,1866240
uniform_air,0,0,0,0,0,3072,55960
uniform_solid,1,0,0,0,0,98304,1866240
uniform_solid,0,0,0,0,0,0,110184
uniform_water,1,0,0,0,0,98304,1866240
uniform_water,0,0,0,0,0,6144,164408
glow_add,1,3667,3667,0,3660,0,69984
glow_add,0,3041,3041,0,3660,0,41312
glow_remove,1,3674,3674,0,3660,0,69984
glow_remove,0,3674,3674,0,3660,0,41312
overlap_remove,1,4146,4146,0,3896,0,52488
overlap_remove,0,3910,3910,0,3896,0,32008
boundary_add,1,7334,7334,0,7320,0,122472
boundary_add,0,6082,6082,0,7320,0,65128
boundary_remove,1,7348,7348,0,7320,0,122472
boundary_remove,0,7348,7348,0,7320,0,65128
cave_open,1,6900,6900,0,6812,0,110808
cave_open,0,6068,6068,0,6752,0,57560
cave_close,1,6831,6831,0,6737,0,104976
cave_close,0,6831,6831,0,6737,0,55824
water_remove,1,6790,6790,0,6803,0,104976
water_remove,0,5958,5958,64,6743,0,55824
world_y_limits,1,8092,8092,0,5532,0,244944
world_y_limits,0,7260,7260,0,5532,0,236752
