run,area,instrumented,radius,columns,faces,elapsed_ms
0,0,1,6,113,116037,266.5558
0,0,0,6,113,116037,287.9236
0,1,1,6,113,79149,327.498
0,1,0,6,113,79149,327.8734
0,2,1,6,113,108220,251.052
0,2,0,6,113,108220,262.7505
1,1,0,6,113,79149,330.4524
1,1,1,6,113,79149,313.9038
1,2,0,6,113,108220,245.5775
1,2,1,6,113,108220,377.5223
1,0,0,6,113,116037,457.6182
1,0,1,6,113,116037,439.5743
2,2,1,6,113,108220,413.7522
2,2,0,6,113,108220,429.5834
2,0,1,6,113,116037,440.0777
2,0,0,6,113,116037,443.5571
2,1,1,6,113,79149,597.6651
2,1,0,6,113,79149,582.7256
