session,case,reference,run,ms
final-a,initial_ocean,1,0,14.5665
final-a,initial_ocean,0,0,2.9798
final-a,initial_ocean,0,1,2.9206
final-a,initial_ocean,1,1,14.584
final-a,initial_ocean,1,2,14.8235
final-a,initial_ocean,0,2,2.9298
final-a,initial_ocean,0,3,2.905
final-a,initial_ocean,1,3,14.5429
final-a,initial_ocean,1,4,14.615
final-a,initial_ocean,0,4,2.781
final-a,initial_ocean,0,5,2.715
final-a,initial_ocean,1,5,13.1865
final-a,initial_ocean,1,6,13.548
final-a,initial_ocean,0,6,2.6723
final-a,initial_ocean,0,7,2.6401
final-a,initial_ocean,1,7,13.3408
final-a,initial_ocean,1,8,15.125
final-a,initial_ocean,0,8,2.9449
final-a,initial_ocean,0,9,2.9056
final-a,initial_ocean,1,9,14.0379
final-a,initial_ocean,1,10,15.3219
final-a,initial_ocean,0,10,3.0161
final-a,initial_ocean,0,11,3.0347
final-a,initial_ocean,1,11,14.0653
final-a,initial_ocean,1,12,14.0747
final-a,initial_ocean,0,12,3.6086
final-a,initial_ocean,0,13,2.8958
final-a,initial_ocean,1,13,14.2665
final-a,initial_ocean,1,14,13.545
final-a,initial_ocean,0,14,2.7883
final-a,initial_ocean,0,15,2.6748
final-a,initial_ocean,1,15,13.4897
final-a,initial_ocean,1,16,13.3728
final-a,initial_ocean,0,16,2.8637
final-a,initial_ocean,0,17,2.7763
final-a,initial_ocean,1,17,13.8618
final-a,initial_ocean,1,18,14.0828
final-a,initial_ocean,0,18,2.9305
final-a,initial_ocean,0,19,2.7427
final-a,initial_ocean,1,19,13.5321
final-a,initial_ocean,1,20,13.1164
final-a,initial_ocean,0,20,2.6723
final-a,initial_ocean,0,21,2.64
final-a,initial_ocean,1,21,13.6638
final-a,initial_ocean,1,22,13.6221
final-a,initial_ocean,0,22,2.7652
final-a,initial_ocean,0,23,2.6505
final-a,initial_ocean,1,23,13.4108
final-a,initial_ocean,1,24,13.5999
final-a,initial_ocean,0,24,2.9418
final-a,initial_ocean,0,25,2.9048
final-a,initial_ocean,1,25,14.8287
final-a,initial_ocean,1,26,14.9696
final-a,initial_ocean,0,26,2.9414
final-a,initial_ocean,0,27,2.9054
final-a,initial_ocean,1,27,14.5053
final-a,initial_ocean,1,28,13.8143
final-a,initial_ocean,0,28,3.1271
final-a,initial_ocean,0,29,2.8033
final-a,initial_ocean,1,29,15.3827
final-a,initial_ocean,1,30,13.0926
final-a,initial_ocean,0,30,2.672
final-a,initial_land,1,0,14.9626
final-a,initial_land,0,0,2.5697
final-a,initial_land,0,1,2.4747
final-a,initial_land,1,1,14.3262
final-a,initial_land,1,2,13.9468
final-a,initial_land,0,2,2.5328
final-a,initial_land,0,3,2.502
final-a,initial_land,1,3,14.0438
final-a,initial_land,1,4,13.5722
final-a,initial_land,0,4,2.5388
final-a,initial_land,0,5,2.4903
final-a,initial_land,1,5,13.5836
final-a,initial_land,1,6,16.4329
final-a,initial_land,0,6,2.7783
final-a,initial_land,0,7,2.5539
final-a,initial_land,1,7,14.8564
final-a,initial_land,1,8,16.1649
final-a,initial_land,0,8,3.1826
final-a,initial_land,0,9,2.3278
final-a,initial_land,1,9,14.7406
final-a,initial_land,1,10,16.2642
final-a,initial_land,0,10,2.8366
final-a,initial_land,0,11,3.016
final-a,initial_land,1,11,14.9871
final-a,initial_land,1,12,14.1694
final-a,initial_land,0,12,2.5407
final-a,initial_land,0,13,2.5229
final-a,initial_land,1,13,13.7059
final-a,initial_land,1,14,13.5815
final-a,initial_land,0,14,2.5121
final-a,initial_land,0,15,2.5171
final-a,initial_land,1,15,13.6664
final-a,initial_land,1,16,13.633
final-a,initial_land,0,16,2.5165
final-a,initial_land,0,17,2.4854
final-a,initial_land,1,17,14.2394
final-a,initial_land,1,18,13.8221
final-a,initial_land,0,18,2.3839
final-a,initial_land,0,19,2.3381
final-a,initial_land,1,19,13.51
final-a,initial_land,1,20,13.8421
final-a,initial_land,0,20,3.582
final-a,initial_land,0,21,2.5067
final-a,initial_land,1,21,14.1621
final-a,initial_land,1,22,13.7879
final-a,initial_land,0,22,2.6777
final-a,initial_land,0,23,2.7135
final-a,initial_land,1,23,14.2411
final-a,initial_land,1,24,15.068
final-a,initial_land,0,24,2.8581
final-a,initial_land,0,25,2.8698
final-a,initial_land,1,25,14.2963
final-a,initial_land,1,26,15.4464
final-a,initial_land,0,26,2.5521
final-a,initial_land,0,27,2.4927
final-a,initial_land,1,27,14.9703
final-a,initial_land,1,28,13.8869
final-a,initial_land,0,28,2.5383
final-a,initial_land,0,29,2.5118
final-a,initial_land,1,29,13.7422
final-a,initial_land,1,30,14.1236
final-a,initial_land,0,30,2.6012
final-a,initial_relief,1,0,14.2082
final-a,initial_relief,0,0,2.4917
final-a,initial_relief,0,1,2.4546
final-a,initial_relief,1,1,13.8511
final-a,initial_relief,1,2,13.7484
final-a,initial_relief,0,2,2.5235
final-a,initial_relief,0,3,2.4797
final-a,initial_relief,1,3,13.9848
final-a,initial_relief,1,4,14.6543
final-a,initial_relief,0,4,2.4795
final-a,initial_relief,0,5,2.7877
final-a,initial_relief,1,5,14.1918
final-a,initial_relief,1,6,14.2681
final-a,initial_relief,0,6,2.4961
final-a,initial_relief,0,7,2.5178
final-a,initial_relief,1,7,14.2935
final-a,initial_relief,1,8,15.042
final-a,initial_relief,0,8,2.5269
final-a,initial_relief,0,9,2.5892
final-a,initial_relief,1,9,13.7506
final-a,initial_relief,1,10,13.9954
final-a,initial_relief,0,10,2.5254
final-a,initial_relief,0,11,2.6499
final-a,initial_relief,1,11,13.8305
final-a,initial_relief,1,12,15.045
final-a,initial_relief,0,12,2.4868
final-a,initial_relief,0,13,2.4466
final-a,initial_relief,1,13,13.6168
final-a,initial_relief,1,14,13.9417
final-a,initial_relief,0,14,2.6109
final-a,initial_relief,0,15,2.4796
final-a,initial_relief,1,15,13.8693
final-a,initial_relief,1,16,12.9149
final-a,initial_relief,0,16,2.264
final-a,initial_relief,0,17,2.2912
final-a,initial_relief,1,17,12.5316
final-a,initial_relief,1,18,12.7315
final-a,initial_relief,0,18,2.4793
final-a,initial_relief,0,19,2.4886
final-a,initial_relief,1,19,13.4396
final-a,initial_relief,1,20,12.191
final-a,initial_relief,0,20,2.2924
final-a,initial_relief,0,21,2.2351
final-a,initial_relief,1,21,13.1781
final-a,initial_relief,1,22,12.3066
final-a,initial_relief,0,22,2.2542
final-a,initial_relief,0,23,2.2813
final-a,initial_relief,1,23,12.8407
final-a,initial_relief,1,24,12.5092
final-a,initial_relief,0,24,2.3812
final-a,initial_relief,0,25,2.3644
final-a,initial_relief,1,25,14.5209
final-a,initial_relief,1,26,12.0733
final-a,initial_relief,0,26,2.257
final-a,initial_relief,0,27,2.2591
final-a,initial_relief,1,27,12.5921
final-a,initial_relief,1,28,12.2966
final-a,initial_relief,0,28,2.2576
final-a,initial_relief,0,29,2.3341
final-a,initial_relief,1,29,12.3881
final-a,initial_relief,1,30,12.292
final-a,initial_relief,0,30,2.4501
final-a,uniform_air,1,0,16.1428
final-a,uniform_air,0,0,1.8418
final-a,uniform_air,0,1,1.9669
final-a,uniform_air,1,1,17.5003
final-a,uniform_air,1,2,15.2651
final-a,uniform_air,0,2,1.8514
final-a,uniform_air,0,3,1.8162
final-a,uniform_air,1,3,15.5283
final-a,uniform_air,1,4,15.5589
final-a,uniform_air,0,4,1.7702
final-a,uniform_air,0,5,1.6647
final-a,uniform_air,1,5,15.7756
final-a,uniform_air,1,6,16.718
final-a,uniform_air,0,6,2.0818
final-a,uniform_air,0,7,1.921
final-a,uniform_air,1,7,17.6686
final-a,uniform_air,1,8,16.5994
final-a,uniform_air,0,8,1.6901
final-a,uniform_air,0,9,1.8397
final-a,uniform_air,1,9,15.9429
final-a,uniform_air,1,10,15.3378
final-a,uniform_air,0,10,1.6865
final-a,uniform_air,0,11,1.6859
final-a,uniform_air,1,11,15.5708
final-a,uniform_air,1,12,16.6944
final-a,uniform_air,0,12,1.7934
final-a,uniform_air,0,13,1.8178
final-a,uniform_air,1,13,16.0126
final-a,uniform_air,1,14,16.4919
final-a,uniform_air,0,14,1.8439
final-a,uniform_air,0,15,1.8226
final-a,uniform_air,1,15,15.1588
final-a,uniform_air,1,16,14.9763
final-a,uniform_air,0,16,1.7157
final-a,uniform_air,0,17,1.6619
final-a,uniform_air,1,17,16.8738
final-a,uniform_air,1,18,17.609
final-a,uniform_air,0,18,1.6943
final-a,uniform_air,0,19,1.6691
final-a,uniform_air,1,19,15.788
final-a,uniform_air,1,20,15.6875
final-a,uniform_air,0,20,1.6832
final-a,uniform_air,0,21,1.6548
final-a,uniform_air,1,21,15.9015
final-a,uniform_air,1,22,15.8547
final-a,uniform_air,0,22,1.8736
final-a,uniform_air,0,23,1.6792
final-a,uniform_air,1,23,16.0832
final-a,uniform_air,1,24,15.261
final-a,uniform_air,0,24,1.6929
final-a,uniform_air,0,25,1.6771
final-a,uniform_air,1,25,15.2887
final-a,uniform_air,1,26,16.4877
final-a,uniform_air,0,26,1.8435
final-a,uniform_air,0,27,1.7702
final-a,uniform_air,1,27,15.9737
final-a,uniform_air,1,28,16.2537
final-a,uniform_air,0,28,1.8313
final-a,uniform_air,0,29,1.8242
final-a,uniform_air,1,29,16.4797
final-a,uniform_air,1,30,15.705
final-a,uniform_air,0,30,1.7062
final-a,uniform_solid,1,0,9.0125
final-a,uniform_solid,0,0,1.785
final-a,uniform_solid,0,1,1.7482
final-a,uniform_solid,1,1,9.2114
final-a,uniform_solid,1,2,8.98
final-a,uniform_solid,0,2,1.6122
final-a,uniform_solid,0,3,1.597
final-a,uniform_solid,1,3,9.2833
final-a,uniform_solid,1,4,9.0613
final-a,uniform_solid,0,4,1.6131
final-a,uniform_solid,0,5,1.6081
final-a,uniform_solid,1,5,9.0105
final-a,uniform_solid,1,6,9.3907
final-a,uniform_solid,0,6,1.6921
final-a,uniform_solid,0,7,1.6026
final-a,uniform_solid,1,7,9.0782
final-a,uniform_solid,1,8,8.9776
final-a,uniform_solid,0,8,1.6083
final-a,uniform_solid,0,9,1.6074
final-a,uniform_solid,1,9,9.0961
final-a,uniform_solid,1,10,8.9364
final-a,uniform_solid,0,10,1.6159
final-a,uniform_solid,0,11,1.6269
final-a,uniform_solid,1,11,8.8731
final-a,uniform_solid,1,12,8.9844
final-a,uniform_solid,0,12,1.6172
final-a,uniform_solid,0,13,1.5997
final-a,uniform_solid,1,13,9.3658
final-a,uniform_solid,1,14,9.8073
final-a,uniform_solid,0,14,1.6081
final-a,uniform_solid,0,15,1.607
final-a,uniform_solid,1,15,9.6871
final-a,uniform_solid,1,16,9.5595
final-a,uniform_solid,0,16,1.717
final-a,uniform_solid,0,17,1.6614
final-a,uniform_solid,1,17,9.4778
final-a,uniform_solid,1,18,9.8643
final-a,uniform_solid,0,18,2.3614
final-a,uniform_solid,0,19,2.0086
final-a,uniform_solid,1,19,9.9819
final-a,uniform_solid,1,20,9.3982
final-a,uniform_solid,0,20,1.7708
final-a,uniform_solid,0,21,1.7755
final-a,uniform_solid,1,21,10.337
final-a,uniform_solid,1,22,9.4157
final-a,uniform_solid,0,22,1.7874
final-a,uniform_solid,0,23,1.7747
final-a,uniform_solid,1,23,9.4022
final-a,uniform_solid,1,24,9.4668
final-a,uniform_solid,0,24,1.7513
final-a,uniform_solid,0,25,1.6538
final-a,uniform_solid,1,25,9.7213
final-a,uniform_solid,1,26,9.6711
final-a,uniform_solid,0,26,1.7469
final-a,uniform_solid,0,27,1.7775
final-a,uniform_solid,1,27,9.844
final-a,uniform_solid,1,28,10.0889
final-a,uniform_solid,0,28,1.7963
final-a,uniform_solid,0,29,1.7492
final-a,uniform_solid,1,29,9.8112
final-a,uniform_solid,1,30,9.7127
final-a,uniform_solid,0,30,1.8692
final-a,uniform_water,1,0,27.7074
final-a,uniform_water,0,0,5.6024
final-a,uniform_water,0,1,5.4986
final-a,uniform_water,1,1,27.5794
final-a,uniform_water,1,2,27.5635
final-a,uniform_water,0,2,5.4759
final-a,uniform_water,0,3,5.5389
final-a,uniform_water,1,3,27.5881
final-a,uniform_water,1,4,27.3847
final-a,uniform_water,0,4,5.5199
final-a,uniform_water,0,5,5.4468
final-a,uniform_water,1,5,27.5802
final-a,uniform_water,1,6,27.7371
final-a,uniform_water,0,6,5.5373
final-a,uniform_water,0,7,5.4475
final-a,uniform_water,1,7,27.5721
final-a,uniform_water,1,8,27.531
final-a,uniform_water,0,8,5.5775
final-a,uniform_water,0,9,5.5807
final-a,uniform_water,1,9,27.3609
final-a,uniform_water,1,10,27.998
final-a,uniform_water,0,10,5.6256
final-a,uniform_water,0,11,5.4935
final-a,uniform_water,1,11,27.5756
final-a,uniform_water,1,12,27.5427
final-a,uniform_water,0,12,5.5145
final-a,uniform_water,0,13,5.5443
final-a,uniform_water,1,13,27.6858
final-a,uniform_water,1,14,27.8805
final-a,uniform_water,0,14,5.5885
final-a,uniform_water,0,15,5.5705
final-a,uniform_water,1,15,27.5753
final-a,uniform_water,1,16,27.4935
final-a,uniform_water,0,16,5.4704
final-a,uniform_water,0,17,5.5393
final-a,uniform_water,1,17,27.8741
final-a,uniform_water,1,18,27.5004
final-a,uniform_water,0,18,5.5472
final-a,uniform_water,0,19,5.6443
final-a,uniform_water,1,19,27.5774
final-a,uniform_water,1,20,27.5228
final-a,uniform_water,0,20,5.487
final-a,uniform_water,0,21,5.6408
final-a,uniform_water,1,21,27.5755
final-a,uniform_water,1,22,27.4948
final-a,uniform_water,0,22,5.4958
final-a,uniform_water,0,23,5.5092
final-a,uniform_water,1,23,27.6178
final-a,uniform_water,1,24,27.8757
final-a,uniform_water,0,24,5.5899
final-a,uniform_water,0,25,5.4912
final-a,uniform_water,1,25,27.7778
final-a,uniform_water,1,26,27.5753
final-a,uniform_water,0,26,5.4999
final-a,uniform_water,0,27,5.5875
final-a,uniform_water,1,27,27.6116
final-a,uniform_water,1,28,27.5449
final-a,uniform_water,0,28,5.6107
final-a,uniform_water,0,29,5.6522
final-a,uniform_water,1,29,27.6805
final-a,uniform_water,1,30,27.8263
final-a,uniform_water,0,30,5.5719
final-a,glow_add,1,0,1.0658
final-a,glow_add,0,0,0.646
final-a,glow_add,0,1,0.6833
final-a,glow_add,1,1,1.1457
final-a,glow_add,1,2,1.0722
final-a,glow_add,0,2,0.6626
final-a,glow_add,0,3,0.6403
final-a,glow_add,1,3,1.068
final-a,glow_add,1,4,1.0554
final-a,glow_add,0,4,0.6383
final-a,glow_add,0,5,0.7316
final-a,glow_add,1,5,1.0769
final-a,glow_add,1,6,1.088
final-a,glow_add,0,6,0.6625
final-a,glow_add,0,7,0.6514
final-a,glow_add,1,7,1.0682
final-a,glow_add,1,8,1.0593
final-a,glow_add,0,8,0.6399
final-a,glow_add,0,9,0.6677
final-a,glow_add,1,9,1.0781
final-a,glow_add,1,10,1.0519
final-a,glow_add,0,10,0.6514
final-a,glow_add,0,11,0.6318
final-a,glow_add,1,11,1.0596
final-a,glow_add,1,12,1.0492
final-a,glow_add,0,12,0.6338
final-a,glow_add,0,13,0.6667
final-a,glow_add,1,13,1.1176
final-a,glow_add,1,14,1.0515
final-a,glow_add,0,14,0.6418
final-a,glow_add,0,15,0.6377
final-a,glow_add,1,15,1.0692
final-a,glow_add,1,16,1.0736
final-a,glow_add,0,16,0.6438
final-a,glow_add,0,17,0.6322
final-a,glow_add,1,17,1.0631
final-a,glow_add,1,18,1.0475
final-a,glow_add,0,18,0.6442
final-a,glow_add,0,19,0.6952
final-a,glow_add,1,19,1.0617
final-a,glow_add,1,20,1.0514
final-a,glow_add,0,20,0.642
final-a,glow_add,0,21,0.6321
final-a,glow_add,1,21,1.0612
final-a,glow_add,1,22,1.0592
final-a,glow_add,0,22,0.6348
final-a,glow_add,0,23,0.6321
final-a,glow_add,1,23,1.0555
final-a,glow_add,1,24,1.0582
final-a,glow_add,0,24,0.6326
final-a,glow_add,0,25,0.6406
final-a,glow_add,1,25,1.0614
final-a,glow_add,1,26,1.0569
final-a,glow_add,0,26,0.6341
final-a,glow_add,0,27,0.6264
final-a,glow_add,1,27,1.056
final-a,glow_add,1,28,1.0476
final-a,glow_add,0,28,0.6374
final-a,glow_add,0,29,0.6285
final-a,glow_add,1,29,1.1557
final-a,glow_add,1,30,1.0684
final-a,glow_add,0,30,0.668
final-a,glow_remove,1,0,1.0767
final-a,glow_remove,0,0,0.6199
final-a,glow_remove,0,1,0.6061
final-a,glow_remove,1,1,1.111
final-a,glow_remove,1,2,1.2215
final-a,glow_remove,0,2,0.6395
final-a,glow_remove,0,3,0.6107
final-a,glow_remove,1,3,1.117
final-a,glow_remove,1,4,1.0778
final-a,glow_remove,0,4,0.6175
final-a,glow_remove,0,5,0.6035
final-a,glow_remove,1,5,1.1989
final-a,glow_remove,1,6,1.1158
final-a,glow_remove,0,6,0.6385
final-a,glow_remove,0,7,0.6123
final-a,glow_remove,1,7,1.0959
final-a,glow_remove,1,8,1.0871
final-a,glow_remove,0,8,0.6108
final-a,glow_remove,0,9,0.6042
final-a,glow_remove,1,9,1.0902
final-a,glow_remove,1,10,1.0892
final-a,glow_remove,0,10,0.6236
final-a,glow_remove,0,11,0.6067
final-a,glow_remove,1,11,1.19
final-a,glow_remove,1,12,1.0971
final-a,glow_remove,0,12,0.6443
final-a,glow_remove,0,13,0.6102
final-a,glow_remove,1,13,1.1495
final-a,glow_remove,1,14,1.0981
final-a,glow_remove,0,14,0.6512
final-a,glow_remove,0,15,0.61
final-a,glow_remove,1,15,1.0897
final-a,glow_remove,1,16,1.0744
final-a,glow_remove,0,16,0.6083
final-a,glow_remove,0,17,0.6101
final-a,glow_remove,1,17,1.2066
final-a,glow_remove,1,18,1.1213
final-a,glow_remove,0,18,0.6354
final-a,glow_remove,0,19,0.6191
final-a,glow_remove,1,19,1.0863
final-a,glow_remove,1,20,1.4082
final-a,glow_remove,0,20,0.6368
final-a,glow_remove,0,21,0.6215
final-a,glow_remove,1,21,1.1932
final-a,glow_remove,1,22,1.1055
final-a,glow_remove,0,22,0.6448
final-a,glow_remove,0,23,0.6068
final-a,glow_remove,1,23,1.1087
final-a,glow_remove,1,24,1.0891
final-a,glow_remove,0,24,0.613
final-a,glow_remove,0,25,0.6041
final-a,glow_remove,1,25,1.1687
final-a,glow_remove,1,26,1.0953
final-a,glow_remove,0,26,0.633
final-a,glow_remove,0,27,0.6731
final-a,glow_remove,1,27,1.0876
final-a,glow_remove,1,28,1.0727
final-a,glow_remove,0,28,0.6163
final-a,glow_remove,0,29,0.6716
final-a,glow_remove,1,29,1.127
final-a,glow_remove,1,30,1.085
final-a,glow_remove,0,30,0.6421
final-a,overlap_remove,1,0,1.0027
final-a,overlap_remove,0,0,0.6081
final-a,overlap_remove,0,1,0.6322
final-a,overlap_remove,1,1,0.9757
final-a,overlap_remove,1,2,0.9256
final-a,overlap_remove,0,2,0.6242
final-a,overlap_remove,0,3,0.6074
final-a,overlap_remove,1,3,0.9202
final-a,overlap_remove,1,4,0.9203
final-a,overlap_remove,0,4,0.5986
final-a,overlap_remove,0,5,0.5917
final-a,overlap_remove,1,5,1.0134
final-a,overlap_remove,1,6,0.9334
final-a,overlap_remove,0,6,0.6424
final-a,overlap_remove,0,7,0.6051
final-a,overlap_remove,1,7,0.925
final-a,overlap_remove,1,8,0.9174
final-a,overlap_remove,0,8,0.5984
final-a,overlap_remove,0,9,0.5889
final-a,overlap_remove,1,9,0.9165
final-a,overlap_remove,1,10,0.9477
final-a,overlap_remove,0,10,0.6145
final-a,overlap_remove,0,11,0.5884
final-a,overlap_remove,1,11,0.91
final-a,overlap_remove,1,12,0.9139
final-a,overlap_remove,0,12,0.5906
final-a,overlap_remove,0,13,0.5858
final-a,overlap_remove,1,13,0.9151
final-a,overlap_remove,1,14,0.9096
final-a,overlap_remove,0,14,0.6421
final-a,overlap_remove,0,15,0.6307
final-a,overlap_remove,1,15,0.9462
final-a,overlap_remove,1,16,0.9254
final-a,overlap_remove,0,16,0.6035
final-a,overlap_remove,0,17,0.5987
final-a,overlap_remove,1,17,0.9293
final-a,overlap_remove,1,18,0.9109
final-a,overlap_remove,0,18,0.5986
final-a,overlap_remove,0,19,0.7299
final-a,overlap_remove,1,19,0.955
final-a,overlap_remove,1,20,0.9172
final-a,overlap_remove,0,20,0.6282
final-a,overlap_remove,0,21,0.5982
final-a,overlap_remove,1,21,0.9168
final-a,overlap_remove,1,22,0.9162
final-a,overlap_remove,0,22,0.5977
final-a,overlap_remove,0,23,0.5908
final-a,overlap_remove,1,23,0.9577
final-a,overlap_remove,1,24,0.9118
final-a,overlap_remove,0,24,0.6212
final-a,overlap_remove,0,25,0.5911
final-a,overlap_remove,1,25,0.9099
final-a,overlap_remove,1,26,0.9155
final-a,overlap_remove,0,26,0.5911
final-a,overlap_remove,0,27,0.6471
final-a,overlap_remove,1,27,0.9173
final-a,overlap_remove,1,28,0.9369
final-a,overlap_remove,0,28,0.616
final-a,overlap_remove,0,29,0.5889
final-a,overlap_remove,1,29,0.9254
final-a,overlap_remove,1,30,0.907
final-a,overlap_remove,0,30,0.5918
final-a,boundary_add,1,0,1.9561
final-a,boundary_add,0,0,1.1573
final-a,boundary_add,0,1,1.1228
final-a,boundary_add,1,1,1.965
final-a,boundary_add,1,2,1.9554
final-a,boundary_add,0,2,1.1545
final-a,boundary_add,0,3,1.1197
final-a,boundary_add,1,3,2.0407
final-a,boundary_add,1,4,2.0067
final-a,boundary_add,0,4,1.204
final-a,boundary_add,0,5,1.1372
final-a,boundary_add,1,5,1.9994
final-a,boundary_add,1,6,2.0558
final-a,boundary_add,0,6,1.1697
final-a,boundary_add,0,7,1.1366
final-a,boundary_add,1,7,1.9901
final-a,boundary_add,1,8,1.9599
final-a,boundary_add,0,8,1.1968
final-a,boundary_add,0,9,1.1613
final-a,boundary_add,1,9,2.0334
final-a,boundary_add,1,10,1.9867
final-a,boundary_add,0,10,1.2007
final-a,boundary_add,0,11,1.151
final-a,boundary_add,1,11,1.9763
final-a,boundary_add,1,12,1.9544
final-a,boundary_add,0,12,1.1435
final-a,boundary_add,0,13,1.3429
final-a,boundary_add,1,13,2.0325
final-a,boundary_add,1,14,1.9599
final-a,boundary_add,0,14,1.1783
final-a,boundary_add,0,15,1.1959
final-a,boundary_add,1,15,2.0001
final-a,boundary_add,1,16,1.954
final-a,boundary_add,0,16,1.1724
final-a,boundary_add,0,17,1.1354
final-a,boundary_add,1,17,2.139
final-a,boundary_add,1,18,1.9692
final-a,boundary_add,0,18,1.179
final-a,boundary_add,0,19,1.1367
final-a,boundary_add,1,19,2.0957
final-a,boundary_add,1,20,1.9981
final-a,boundary_add,0,20,1.184
final-a,boundary_add,0,21,1.1275
final-a,boundary_add,1,21,2.0636
final-a,boundary_add,1,22,2.0504
final-a,boundary_add,0,22,1.1915
final-a,boundary_add,0,23,1.1349
final-a,boundary_add,1,23,1.9779
final-a,boundary_add,1,24,1.9645
final-a,boundary_add,0,24,1.169
final-a,boundary_add,0,25,1.129
final-a,boundary_add,1,25,1.9737
final-a,boundary_add,1,26,2.0392
final-a,boundary_add,0,26,1.193
final-a,boundary_add,0,27,1.1321
final-a,boundary_add,1,27,1.9886
final-a,boundary_add,1,28,1.9919
final-a,boundary_add,0,28,1.1987
final-a,boundary_add,0,29,1.2575
final-a,boundary_add,1,29,2.0053
final-a,boundary_add,1,30,2.0136
final-a,boundary_add,0,30,1.1988
final-a,boundary_remove,1,0,1.9962
final-a,boundary_remove,0,0,1.1189
final-a,boundary_remove,0,1,1.1099
final-a,boundary_remove,1,1,2.0137
final-a,boundary_remove,1,2,2.022
final-a,boundary_remove,0,2,1.1231
final-a,boundary_remove,0,3,1.11
final-a,boundary_remove,1,3,2.0137
final-a,boundary_remove,1,4,1.9946
final-a,boundary_remove,0,4,1.1296
final-a,boundary_remove,0,5,1.0991
final-a,boundary_remove,1,5,2.0084
final-a,boundary_remove,1,6,1.9968
final-a,boundary_remove,0,6,1.1248
final-a,boundary_remove,0,7,1.096
final-a,boundary_remove,1,7,2.0091
final-a,boundary_remove,1,8,2.0173
final-a,boundary_remove,0,8,1.1341
final-a,boundary_remove,0,9,1.1049
final-a,boundary_remove,1,9,2.0041
final-a,boundary_remove,1,10,1.9941
final-a,boundary_remove,0,10,1.1165
final-a,boundary_remove,0,11,1.1022
final-a,boundary_remove,1,11,2.0049
final-a,boundary_remove,1,12,1.9931
final-a,boundary_remove,0,12,1.1208
final-a,boundary_remove,0,13,1.144
final-a,boundary_remove,1,13,2.0441
final-a,boundary_remove,1,14,2.0909
final-a,boundary_remove,0,14,1.1456
final-a,boundary_remove,0,15,1.1183
final-a,boundary_remove,1,15,2.0403
final-a,boundary_remove,1,16,1.9994
final-a,boundary_remove,0,16,1.1969
final-a,boundary_remove,0,17,1.1095
final-a,boundary_remove,1,17,2.0831
final-a,boundary_remove,1,18,2.0506
final-a,boundary_remove,0,18,1.1646
final-a,boundary_remove,0,19,1.1302
final-a,boundary_remove,1,19,2.077
final-a,boundary_remove,1,20,2.011
final-a,boundary_remove,0,20,1.1291
final-a,boundary_remove,0,21,1.2171
final-a,boundary_remove,1,21,2.0444
final-a,boundary_remove,1,22,2.0061
final-a,boundary_remove,0,22,1.138
final-a,boundary_remove,0,23,1.1765
final-a,boundary_remove,1,23,2.0689
final-a,boundary_remove,1,24,2.0491
final-a,boundary_remove,0,24,1.1603
final-a,boundary_remove,0,25,1.1063
final-a,boundary_remove,1,25,2.0917
final-a,boundary_remove,1,26,2.0092
final-a,boundary_remove,0,26,1.1432
final-a,boundary_remove,0,27,1.1815
final-a,boundary_remove,1,27,2.2
final-a,boundary_remove,1,28,2.034
final-a,boundary_remove,0,28,1.1549
final-a,boundary_remove,0,29,1.1139
final-a,boundary_remove,1,29,2.1343
final-a,boundary_remove,1,30,2.0333
final-a,boundary_remove,0,30,1.1543
final-a,cave_open,1,0,1.7283
final-a,cave_open,0,0,0.9967
final-a,cave_open,0,1,0.9969
final-a,cave_open,1,1,1.7238
final-a,cave_open,1,2,1.7202
final-a,cave_open,0,2,0.9935
final-a,cave_open,0,3,0.9874
final-a,cave_open,1,3,1.7141
final-a,cave_open,1,4,1.7115
final-a,cave_open,0,4,0.9994
final-a,cave_open,0,5,0.9852
final-a,cave_open,1,5,1.7181
final-a,cave_open,1,6,1.7205
final-a,cave_open,0,6,0.9917
final-a,cave_open,0,7,0.99
final-a,cave_open,1,7,1.7199
final-a,cave_open,1,8,1.7267
final-a,cave_open,0,8,0.9912
final-a,cave_open,0,9,0.9857
final-a,cave_open,1,9,1.7179
final-a,cave_open,1,10,1.71
final-a,cave_open,0,10,0.9955
final-a,cave_open,0,11,0.9801
final-a,cave_open,1,11,1.7333
final-a,cave_open,1,12,1.7265
final-a,cave_open,0,12,1.0005
final-a,cave_open,0,13,0.9799
final-a,cave_open,1,13,1.7133
final-a,cave_open,1,14,1.7109
final-a,cave_open,0,14,0.9845
final-a,cave_open,0,15,0.9905
final-a,cave_open,1,15,1.7215
final-a,cave_open,1,16,1.7128
final-a,cave_open,0,16,0.9875
final-a,cave_open,0,17,0.9856
final-a,cave_open,1,17,1.8308
final-a,cave_open,1,18,1.7448
final-a,cave_open,0,18,1.0145
final-a,cave_open,0,19,1.0987
final-a,cave_open,1,19,1.8656
final-a,cave_open,1,20,1.7841
final-a,cave_open,0,20,1.0635
final-a,cave_open,0,21,1.0299
final-a,cave_open,1,21,1.7225
final-a,cave_open,1,22,1.858
final-a,cave_open,0,22,1.0176
final-a,cave_open,0,23,1.0697
final-a,cave_open,1,23,1.7445
final-a,cave_open,1,24,1.7139
final-a,cave_open,0,24,1.057
final-a,cave_open,0,25,1.0182
final-a,cave_open,1,25,1.7368
final-a,cave_open,1,26,1.7199
final-a,cave_open,0,26,1
final-a,cave_open,0,27,0.9777
final-a,cave_open,1,27,1.8528
final-a,cave_open,1,28,1.7278
final-a,cave_open,0,28,1.018
final-a,cave_open,0,29,1.0059
final-a,cave_open,1,29,1.8329
final-a,cave_open,1,30,1.7647
final-a,cave_open,0,30,1.0184
final-a,cave_close,1,0,2.6254
final-a,cave_close,0,0,1.9516
final-a,cave_close,0,1,2.071
final-a,cave_close,1,1,2.7001
final-a,cave_close,1,2,2.6108
final-a,cave_close,0,2,1.86
final-a,cave_close,0,3,1.8836
final-a,cave_close,1,3,2.7517
final-a,cave_close,1,4,2.6811
final-a,cave_close,0,4,1.9062
final-a,cave_close,0,5,1.9077
final-a,cave_close,1,5,2.8161
final-a,cave_close,1,6,2.6576
final-a,cave_close,0,6,1.8908
final-a,cave_close,0,7,2.0487
final-a,cave_close,1,7,2.7399
final-a,cave_close,1,8,2.6284
final-a,cave_close,0,8,1.8991
final-a,cave_close,0,9,1.9159
final-a,cave_close,1,9,2.6881
final-a,cave_close,1,10,2.7691
final-a,cave_close,0,10,1.8838
final-a,cave_close,0,11,2.0694
final-a,cave_close,1,11,2.7976
final-a,cave_close,1,12,2.6266
final-a,cave_close,0,12,1.8561
final-a,cave_close,0,13,2.0175
final-a,cave_close,1,13,2.6996
final-a,cave_close,1,14,2.6077
final-a,cave_close,0,14,1.9933
final-a,cave_close,0,15,1.9466
final-a,cave_close,1,15,2.7071
final-a,cave_close,1,16,2.8105
final-a,cave_close,0,16,1.8683
final-a,cave_close,0,17,1.9193
final-a,cave_close,1,17,2.6868
final-a,cave_close,1,18,2.6496
final-a,cave_close,0,18,1.8623
final-a,cave_close,0,19,1.9868
final-a,cave_close,1,19,2.6943
final-a,cave_close,1,20,2.5938
final-a,cave_close,0,20,1.8445
final-a,cave_close,0,21,1.9013
final-a,cave_close,1,21,2.7154
final-a,cave_close,1,22,2.6767
final-a,cave_close,0,22,1.9044
final-a,cave_close,0,23,1.9786
final-a,cave_close,1,23,2.7149
final-a,cave_close,1,24,2.6216
final-a,cave_close,0,24,1.8815
final-a,cave_close,0,25,2.0934
final-a,cave_close,1,25,2.7248
final-a,cave_close,1,26,2.5959
final-a,cave_close,0,26,1.9752
final-a,cave_close,0,27,1.9398
final-a,cave_close,1,27,2.7382
final-a,cave_close,1,28,2.7219
final-a,cave_close,0,28,1.9029
final-a,cave_close,0,29,1.9611
final-a,cave_close,1,29,2.8133
final-a,cave_close,1,30,2.6286
final-a,cave_close,0,30,1.8553
final-a,water_remove,1,0,1.6575
final-a,water_remove,0,0,0.9879
final-a,water_remove,0,1,0.9729
final-a,water_remove,1,1,1.6664
final-a,water_remove,1,2,1.6555
final-a,water_remove,0,2,0.9669
final-a,water_remove,0,3,1.0451
final-a,water_remove,1,3,1.6895
final-a,water_remove,1,4,1.7728
final-a,water_remove,0,4,1.0115
final-a,water_remove,0,5,0.9621
final-a,water_remove,1,5,1.6973
final-a,water_remove,1,6,1.6902
final-a,water_remove,0,6,0.9924
final-a,water_remove,0,7,0.995
final-a,water_remove,1,7,1.6618
final-a,water_remove,1,8,1.7618
final-a,water_remove,0,8,0.994
final-a,water_remove,0,9,0.9573
final-a,water_remove,1,9,1.6824
final-a,water_remove,1,10,1.6982
final-a,water_remove,0,10,0.9993
final-a,water_remove,0,11,0.989
final-a,water_remove,1,11,1.7105
final-a,water_remove,1,12,1.6633
final-a,water_remove,0,12,0.9748
final-a,water_remove,0,13,0.9659
final-a,water_remove,1,13,1.7988
final-a,water_remove,1,14,1.6789
final-a,water_remove,0,14,0.9819
final-a,water_remove,0,15,0.9826
final-a,water_remove,1,15,1.7684
final-a,water_remove,1,16,1.6968
final-a,water_remove,0,16,0.9942
final-a,water_remove,0,17,0.9694
final-a,water_remove,1,17,1.6693
final-a,water_remove,1,18,1.6539
final-a,water_remove,0,18,1.0503
final-a,water_remove,0,19,0.9839
final-a,water_remove,1,19,1.6795
final-a,water_remove,1,20,1.6658
final-a,water_remove,0,20,0.9699
final-a,water_remove,0,21,1.1562
final-a,water_remove,1,21,1.7497
final-a,water_remove,1,22,1.6689
final-a,water_remove,0,22,0.9892
final-a,water_remove,0,23,0.9724
final-a,water_remove,1,23,1.7607
final-a,water_remove,1,24,1.6869
final-a,water_remove,0,24,0.9867
final-a,water_remove,0,25,0.9695
final-a,water_remove,1,25,1.6691
final-a,water_remove,1,26,1.7608
final-a,water_remove,0,26,1.0093
final-a,water_remove,0,27,0.9614
final-a,water_remove,1,27,1.7959
final-a,water_remove,1,28,1.6818
final-a,water_remove,0,28,1.0174
final-a,water_remove,0,29,0.9772
final-a,water_remove,1,29,1.6943
final-a,water_remove,1,30,1.6628
final-a,water_remove,0,30,0.9658
final-a,world_y_limits,1,0,3.3713
final-a,world_y_limits,0,0,2.3227
final-a,world_y_limits,0,1,2.2189
final-a,world_y_limits,1,1,3.2462
final-a,world_y_limits,1,2,3.2844
final-a,world_y_limits,0,2,2.3856
final-a,world_y_limits,0,3,2.2419
final-a,world_y_limits,1,3,3.1732
final-a,world_y_limits,1,4,3.2436
final-a,world_y_limits,0,4,2.1676
final-a,world_y_limits,0,5,2.242
final-a,world_y_limits,1,5,3.4231
final-a,world_y_limits,1,6,3.3
final-a,world_y_limits,0,6,2.2734
final-a,world_y_limits,0,7,2.1383
final-a,world_y_limits,1,7,3.3353
final-a,world_y_limits,1,8,3.3073
final-a,world_y_limits,0,8,2.2242
final-a,world_y_limits,0,9,2.4113
final-a,world_y_limits,1,9,3.3469
final-a,world_y_limits,1,10,3.4056
final-a,world_y_limits,0,10,2.247
final-a,world_y_limits,0,11,2.1251
final-a,world_y_limits,1,11,3.4522
final-a,world_y_limits,1,12,3.3377
final-a,world_y_limits,0,12,2.3595
final-a,world_y_limits,0,13,2.2519
final-a,world_y_limits,1,13,3.2793
final-a,world_y_limits,1,14,3.4387
final-a,world_y_limits,0,14,2.2476
final-a,world_y_limits,0,15,2.1808
final-a,world_y_limits,1,15,3.2853
final-a,world_y_limits,1,16,3.3072
final-a,world_y_limits,0,16,2.3298
final-a,world_y_limits,0,17,2.2273
final-a,world_y_limits,1,17,3.2841
final-a,world_y_limits,1,18,3.167
final-a,world_y_limits,0,18,2.1558
final-a,world_y_limits,0,19,2.4337
final-a,world_y_limits,1,19,3.3735
final-a,world_y_limits,1,20,3.4058
final-a,world_y_limits,0,20,2.2663
final-a,world_y_limits,0,21,2.1019
final-a,world_y_limits,1,21,3.3217
final-a,world_y_limits,1,22,3.3414
final-a,world_y_limits,0,22,2.4947
final-a,world_y_limits,0,23,2.2797
final-a,world_y_limits,1,23,3.1619
final-a,world_y_limits,1,24,3.2235
final-a,world_y_limits,0,24,2.1464
final-a,world_y_limits,0,25,2.5127
final-a,world_y_limits,1,25,3.4487
final-a,world_y_limits,1,26,3.349
final-a,world_y_limits,0,26,2.2706
final-a,world_y_limits,0,27,2.2044
final-a,world_y_limits,1,27,3.2465
final-a,world_y_limits,1,28,3.3653
final-a,world_y_limits,0,28,2.3691
final-a,world_y_limits,0,29,2.2839
final-a,world_y_limits,1,29,3.2871
final-a,world_y_limits,1,30,3.3382
final-a,world_y_limits,0,30,2.1907
final-b,initial_ocean,1,0,14.3951
final-b,initial_ocean,0,0,3.0305
final-b,initial_ocean,0,1,2.9492
final-b,initial_ocean,1,1,14.6126
final-b,initial_ocean,1,2,15.1424
final-b,initial_ocean,0,2,2.8916
final-b,initial_ocean,0,3,2.6607
final-b,initial_ocean,1,3,14.7542
final-b,initial_ocean,1,4,14.5293
final-b,initial_ocean,0,4,2.9176
final-b,initial_ocean,0,5,2.7447
final-b,initial_ocean,1,5,14.5119
final-b,initial_ocean,1,6,14.3805
final-b,initial_ocean,0,6,2.9775
final-b,initial_ocean,0,7,3.0234
final-b,initial_ocean,1,7,15.1505
final-b,initial_ocean,1,8,15.2746
final-b,initial_ocean,0,8,2.7184
final-b,initial_ocean,0,9,2.6713
final-b,initial_ocean,1,9,14.6329
final-b,initial_ocean,1,10,14.2864
final-b,initial_ocean,0,10,2.7062
final-b,initial_ocean,0,11,2.7252
final-b,initial_ocean,1,11,15.6169
final-b,initial_ocean,1,12,17.0544
final-b,initial_ocean,0,12,3.0326
final-b,initial_ocean,0,13,3.1245
final-b,initial_ocean,1,13,14.7849
final-b,initial_ocean,1,14,15.1891
final-b,initial_ocean,0,14,3.7164
final-b,initial_ocean,0,15,2.9998
final-b,initial_ocean,1,15,15.2378
final-b,initial_ocean,1,16,14.735
final-b,initial_ocean,0,16,2.9682
final-b,initial_ocean,0,17,2.9098
final-b,initial_ocean,1,17,14.7345
final-b,initial_ocean,1,18,15.8211
final-b,initial_ocean,0,18,2.9489
final-b,initial_ocean,0,19,3.0321
final-b,initial_ocean,1,19,14.5646
final-b,initial_ocean,1,20,14.7827
final-b,initial_ocean,0,20,2.9351
final-b,initial_ocean,0,21,2.974
final-b,initial_ocean,1,21,14.1909
final-b,initial_ocean,1,22,14.0632
final-b,initial_ocean,0,22,2.679
final-b,initial_ocean,0,23,3.5429
final-b,initial_ocean,1,23,13.812
final-b,initial_ocean,1,24,13.6357
final-b,initial_ocean,0,24,2.8943
final-b,initial_ocean,0,25,2.7038
final-b,initial_ocean,1,25,14.096
final-b,initial_ocean,1,26,16.0042
final-b,initial_ocean,0,26,2.9583
final-b,initial_ocean,0,27,3.054
final-b,initial_ocean,1,27,15.4587
final-b,initial_ocean,1,28,15.215
final-b,initial_ocean,0,28,2.9444
final-b,initial_ocean,0,29,2.9256
final-b,initial_ocean,1,29,16.495
final-b,initial_ocean,1,30,15.4458
final-b,initial_ocean,0,30,3.0299
final-b,initial_land,1,0,14.2421
final-b,initial_land,0,0,2.7496
final-b,initial_land,0,1,2.5362
final-b,initial_land,1,1,14.0874
final-b,initial_land,1,2,15.1843
final-b,initial_land,0,2,2.5488
final-b,initial_land,0,3,3.1115
final-b,initial_land,1,3,15.4816
final-b,initial_land,1,4,15.49
final-b,initial_land,0,4,3.6066
final-b,initial_land,0,5,2.9102
final-b,initial_land,1,5,17.309
final-b,initial_land,1,6,15.8852
final-b,initial_land,0,6,2.5466
final-b,initial_land,0,7,2.977
final-b,initial_land,1,7,14.0885
final-b,initial_land,1,8,14.2349
final-b,initial_land,0,8,2.7547
final-b,initial_land,0,9,2.6923
final-b,initial_land,1,9,15.5428
final-b,initial_land,1,10,15.8649
final-b,initial_land,0,10,3.4736
final-b,initial_land,0,11,3.2775
final-b,initial_land,1,11,14.3668
final-b,initial_land,1,12,13.7699
final-b,initial_land,0,12,2.5731
final-b,initial_land,0,13,2.5404
final-b,initial_land,1,13,13.8268
final-b,initial_land,1,14,13.9369
final-b,initial_land,0,14,2.5364
final-b,initial_land,0,15,2.5555
final-b,initial_land,1,15,13.8275
final-b,initial_land,1,16,13.6999
final-b,initial_land,0,16,2.5692
final-b,initial_land,0,17,2.6749
final-b,initial_land,1,17,14.0249
final-b,initial_land,1,18,13.6362
final-b,initial_land,0,18,2.4571
final-b,initial_land,0,19,2.3488
final-b,initial_land,1,19,13.2201
final-b,initial_land,1,20,12.6048
final-b,initial_land,0,20,2.3039
final-b,initial_land,0,21,2.2778
final-b,initial_land,1,21,13.3953
final-b,initial_land,1,22,13.6632
final-b,initial_land,0,22,2.6415
final-b,initial_land,0,23,2.5201
final-b,initial_land,1,23,16.1447
final-b,initial_land,1,24,19.8576
final-b,initial_land,0,24,3.6143
final-b,initial_land,0,25,2.755
final-b,initial_land,1,25,14.1222
final-b,initial_land,1,26,14.7631
final-b,initial_land,0,26,2.6438
final-b,initial_land,0,27,2.494
final-b,initial_land,1,27,13.8334
final-b,initial_land,1,28,13.7769
final-b,initial_land,0,28,2.5356
final-b,initial_land,0,29,2.5617
final-b,initial_land,1,29,13.8176
final-b,initial_land,1,30,13.8788
final-b,initial_land,0,30,2.5379
final-b,initial_relief,1,0,14.1702
final-b,initial_relief,0,0,2.4862
final-b,initial_relief,0,1,2.4609
final-b,initial_relief,1,1,13.7871
final-b,initial_relief,1,2,13.7675
final-b,initial_relief,0,2,2.5299
final-b,initial_relief,0,3,2.4862
final-b,initial_relief,1,3,13.8087
final-b,initial_relief,1,4,14.364
final-b,initial_relief,0,4,2.833
final-b,initial_relief,0,5,2.4791
final-b,initial_relief,1,5,14.581
final-b,initial_relief,1,6,14.4469
final-b,initial_relief,0,6,2.6018
final-b,initial_relief,0,7,2.4778
final-b,initial_relief,1,7,13.9072
final-b,initial_relief,1,8,13.8839
final-b,initial_relief,0,8,2.4984
final-b,initial_relief,0,9,2.4818
final-b,initial_relief,1,9,13.7315
final-b,initial_relief,1,10,14.6304
final-b,initial_relief,0,10,2.5279
final-b,initial_relief,0,11,2.6258
final-b,initial_relief,1,11,13.9671
final-b,initial_relief,1,12,14.0482
final-b,initial_relief,0,12,2.7794
final-b,initial_relief,0,13,2.4906
final-b,initial_relief,1,13,13.9066
final-b,initial_relief,1,14,14.0915
final-b,initial_relief,0,14,2.5967
final-b,initial_relief,0,15,2.449
final-b,initial_relief,1,15,13.2686
final-b,initial_relief,1,16,15.1799
final-b,initial_relief,0,16,2.5805
final-b,initial_relief,0,17,2.4955
final-b,initial_relief,1,17,13.2126
final-b,initial_relief,1,18,13.6134
final-b,initial_relief,0,18,2.5316
final-b,initial_relief,0,19,2.7206
final-b,initial_relief,1,19,14.1741
final-b,initial_relief,1,20,12.9941
final-b,initial_relief,0,20,2.5083
final-b,initial_relief,0,21,2.4466
final-b,initial_relief,1,21,13.1281
final-b,initial_relief,1,22,13.0869
final-b,initial_relief,0,22,2.5315
final-b,initial_relief,0,23,2.7658
final-b,initial_relief,1,23,13.7588
final-b,initial_relief,1,24,12.6564
final-b,initial_relief,0,24,2.5451
final-b,initial_relief,0,25,2.4408
final-b,initial_relief,1,25,13.8072
final-b,initial_relief,1,26,15.0495
final-b,initial_relief,0,26,2.6786
final-b,initial_relief,0,27,2.5652
final-b,initial_relief,1,27,14.2954
final-b,initial_relief,1,28,12.7612
final-b,initial_relief,0,28,2.3089
final-b,initial_relief,0,29,2.4177
final-b,initial_relief,1,29,13.5772
final-b,initial_relief,1,30,15.3415
final-b,initial_relief,0,30,2.4171
final-b,uniform_air,1,0,16.8033
final-b,uniform_air,0,0,1.8454
final-b,uniform_air,0,1,1.8217
final-b,uniform_air,1,1,17.2287
final-b,uniform_air,1,2,15.4683
final-b,uniform_air,0,2,1.6842
final-b,uniform_air,0,3,1.6791
final-b,uniform_air,1,3,15.6788
final-b,uniform_air,1,4,15.6849
final-b,uniform_air,0,4,1.777
final-b,uniform_air,0,5,1.6605
final-b,uniform_air,1,5,16.1839
final-b,uniform_air,1,6,16.6848
final-b,uniform_air,0,6,1.8232
final-b,uniform_air,0,7,1.8133
final-b,uniform_air,1,7,16.1283
final-b,uniform_air,1,8,15.7986
final-b,uniform_air,0,8,1.6805
final-b,uniform_air,0,9,1.7015
final-b,uniform_air,1,9,16.8919
final-b,uniform_air,1,10,16.3481
final-b,uniform_air,0,10,2.1848
final-b,uniform_air,0,11,1.8147
final-b,uniform_air,1,11,15.8349
final-b,uniform_air,1,12,16.0869
final-b,uniform_air,0,12,1.732
final-b,uniform_air,0,13,1.6972
final-b,uniform_air,1,13,15.321
final-b,uniform_air,1,14,15.31
final-b,uniform_air,0,14,1.7174
final-b,uniform_air,0,15,1.7975
final-b,uniform_air,1,15,15.6328
final-b,uniform_air,1,16,16.1155
final-b,uniform_air,0,16,1.7307
final-b,uniform_air,0,17,1.6848
final-b,uniform_air,1,17,16.2779
final-b,uniform_air,1,18,16.4625
final-b,uniform_air,0,18,1.8946
final-b,uniform_air,0,19,1.8243
final-b,uniform_air,1,19,16.4875
final-b,uniform_air,1,20,16.6973
final-b,uniform_air,0,20,1.9262
final-b,uniform_air,0,21,2.1019
final-b,uniform_air,1,21,15.8926
final-b,uniform_air,1,22,16.3046
final-b,uniform_air,0,22,1.8474
final-b,uniform_air,0,23,1.6724
final-b,uniform_air,1,23,16.2088
final-b,uniform_air,1,24,15.6696
final-b,uniform_air,0,24,1.7042
final-b,uniform_air,0,25,1.6837
final-b,uniform_air,1,25,15.3115
final-b,uniform_air,1,26,16.0342
final-b,uniform_air,0,26,1.853
final-b,uniform_air,0,27,1.8236
final-b,uniform_air,1,27,15.2563
final-b,uniform_air,1,28,15.1393
final-b,uniform_air,0,28,1.7119
final-b,uniform_air,0,29,1.6717
final-b,uniform_air,1,29,16.3585
final-b,uniform_air,1,30,16.2643
final-b,uniform_air,0,30,2.1786
final-b,uniform_solid,1,0,8.9754
final-b,uniform_solid,0,0,1.6131
final-b,uniform_solid,0,1,1.6041
final-b,uniform_solid,1,1,9.0395
final-b,uniform_solid,1,2,9.7255
final-b,uniform_solid,0,2,1.7766
final-b,uniform_solid,0,3,1.7607
final-b,uniform_solid,1,3,9.7925
final-b,uniform_solid,1,4,9.8063
final-b,uniform_solid,0,4,1.8478
final-b,uniform_solid,0,5,1.7477
final-b,uniform_solid,1,5,9.6198
final-b,uniform_solid,1,6,10.0556
final-b,uniform_solid,0,6,1.7829
final-b,uniform_solid,0,7,1.7462
final-b,uniform_solid,1,7,9.9138
final-b,uniform_solid,1,8,10.076
final-b,uniform_solid,0,8,1.7893
final-b,uniform_solid,0,9,1.821
final-b,uniform_solid,1,9,9.8614
final-b,uniform_solid,1,10,10.2245
final-b,uniform_solid,0,10,2.3303
final-b,uniform_solid,0,11,1.8047
final-b,uniform_solid,1,11,10.1994
final-b,uniform_solid,1,12,9.6491
final-b,uniform_solid,0,12,1.7833
final-b,uniform_solid,0,13,1.9356
final-b,uniform_solid,1,13,10.2418
final-b,uniform_solid,1,14,9.9032
final-b,uniform_solid,0,14,1.8055
final-b,uniform_solid,0,15,1.9931
final-b,uniform_solid,1,15,10.0983
final-b,uniform_solid,1,16,9.8543
final-b,uniform_solid,0,16,1.7732
final-b,uniform_solid,0,17,1.7592
final-b,uniform_solid,1,17,9.771
final-b,uniform_solid,1,18,9.7463
final-b,uniform_solid,0,18,1.7651
final-b,uniform_solid,0,19,1.7579
final-b,uniform_solid,1,19,9.781
final-b,uniform_solid,1,20,9.7372
final-b,uniform_solid,0,20,1.7829
final-b,uniform_solid,0,21,1.758
final-b,uniform_solid,1,21,9.7953
final-b,uniform_solid,1,22,9.8928
final-b,uniform_solid,0,22,1.8138
final-b,uniform_solid,0,23,1.7756
final-b,uniform_solid,1,23,9.4198
final-b,uniform_solid,1,24,9.3746
final-b,uniform_solid,0,24,1.8246
final-b,uniform_solid,0,25,1.8038
final-b,uniform_solid,1,25,9.9981
final-b,uniform_solid,1,26,9.6128
final-b,uniform_solid,0,26,1.7929
final-b,uniform_solid,0,27,1.7589
final-b,uniform_solid,1,27,9.368
final-b,uniform_solid,1,28,9.8452
final-b,uniform_solid,0,28,1.7643
final-b,uniform_solid,0,29,1.7474
final-b,uniform_solid,1,29,17.7879
final-b,uniform_solid,1,30,18.2455
final-b,uniform_solid,0,30,3.5168
final-b,uniform_water,1,0,27.5473
final-b,uniform_water,0,0,5.988
final-b,uniform_water,0,1,5.6929
final-b,uniform_water,1,1,27.7259
final-b,uniform_water,1,2,27.4023
final-b,uniform_water,0,2,5.5939
final-b,uniform_water,0,3,5.5602
final-b,uniform_water,1,3,27.4274
final-b,uniform_water,1,4,28.0486
final-b,uniform_water,0,4,5.5347
final-b,uniform_water,0,5,5.4996
final-b,uniform_water,1,5,27.7215
final-b,uniform_water,1,6,27.4772
final-b,uniform_water,0,6,5.6616
final-b,uniform_water,0,7,5.4524
final-b,uniform_water,1,7,27.9149
final-b,uniform_water,1,8,27.6701
final-b,uniform_water,0,8,5.4877
final-b,uniform_water,0,9,5.4516
final-b,uniform_water,1,9,27.3514
final-b,uniform_water,1,10,27.6675
final-b,uniform_water,0,10,5.5402
final-b,uniform_water,0,11,5.4752
final-b,uniform_water,1,11,27.4941
final-b,uniform_water,1,12,27.7909
final-b,uniform_water,0,12,5.6033
final-b,uniform_water,0,13,5.8446
final-b,uniform_water,1,13,27.4216
final-b,uniform_water,1,14,27.5768
final-b,uniform_water,0,14,5.6974
final-b,uniform_water,0,15,5.5631
final-b,uniform_water,1,15,27.6833
final-b,uniform_water,1,16,27.3616
final-b,uniform_water,0,16,5.6096
final-b,uniform_water,0,17,5.6287
final-b,uniform_water,1,17,28.324
final-b,uniform_water,1,18,27.5453
final-b,uniform_water,0,18,5.5698
final-b,uniform_water,0,19,5.4797
final-b,uniform_water,1,19,27.5187
final-b,uniform_water,1,20,27.4974
final-b,uniform_water,0,20,5.5103
final-b,uniform_water,0,21,5.5357
final-b,uniform_water,1,21,27.9611
final-b,uniform_water,1,22,27.9103
final-b,uniform_water,0,22,5.5001
final-b,uniform_water,0,23,5.4743
final-b,uniform_water,1,23,27.9944
final-b,uniform_water,1,24,27.6177
final-b,uniform_water,0,24,5.5657
final-b,uniform_water,0,25,5.5585
final-b,uniform_water,1,25,27.8954
final-b,uniform_water,1,26,27.8158
final-b,uniform_water,0,26,5.5682
final-b,uniform_water,0,27,5.6292
final-b,uniform_water,1,27,27.617
final-b,uniform_water,1,28,27.8012
final-b,uniform_water,0,28,5.548
final-b,uniform_water,0,29,6.0882
final-b,uniform_water,1,29,27.5459
final-b,uniform_water,1,30,27.3723
final-b,uniform_water,0,30,5.5914
final-b,glow_add,1,0,1.073
final-b,glow_add,0,0,0.6647
final-b,glow_add,0,1,0.6393
final-b,glow_add,1,1,1.0629
final-b,glow_add,1,2,1.1375
final-b,glow_add,0,2,0.6708
final-b,glow_add,0,3,0.6461
final-b,glow_add,1,3,1.0903
final-b,glow_add,1,4,1.0659
final-b,glow_add,0,4,0.6487
final-b,glow_add,0,5,0.637
final-b,glow_add,1,5,1.0672
final-b,glow_add,1,6,1.1504
final-b,glow_add,0,6,0.6739
final-b,glow_add,0,7,0.6548
final-b,glow_add,1,7,1.1546
final-b,glow_add,1,8,1.1032
final-b,glow_add,0,8,0.6833
final-b,glow_add,0,9,0.6447
final-b,glow_add,1,9,1.0668
final-b,glow_add,1,10,1.2015
final-b,glow_add,0,10,0.6574
final-b,glow_add,0,11,0.6511
final-b,glow_add,1,11,1.062
final-b,glow_add,1,12,1.0591
final-b,glow_add,0,12,0.6428
final-b,glow_add,0,13,0.6342
final-b,glow_add,1,13,1.0616
final-b,glow_add,1,14,1.0592
final-b,glow_add,0,14,0.6441
final-b,glow_add,0,15,0.6356
final-b,glow_add,1,15,1.061
final-b,glow_add,1,16,1.0512
final-b,glow_add,0,16,0.648
final-b,glow_add,0,17,0.7696
final-b,glow_add,1,17,1.0839
final-b,glow_add,1,18,1.1849
final-b,glow_add,0,18,0.6734
final-b,glow_add,0,19,0.6738
final-b,glow_add,1,19,1.0759
final-b,glow_add,1,20,1.0643
final-b,glow_add,0,20,0.6432
final-b,glow_add,0,21,0.664
final-b,glow_add,1,21,1.0879
final-b,glow_add,1,22,1.0631
final-b,glow_add,0,22,0.6728
final-b,glow_add,0,23,0.6404
final-b,glow_add,1,23,1.0715
final-b,glow_add,1,24,1.0547
final-b,glow_add,0,24,0.6494
final-b,glow_add,0,25,0.6375
final-b,glow_add,1,25,1.0617
final-b,glow_add,1,26,1.0708
final-b,glow_add,0,26,0.6497
final-b,glow_add,0,27,0.6465
final-b,glow_add,1,27,1.0574
final-b,glow_add,1,28,1.0581
final-b,glow_add,0,28,0.6381
final-b,glow_add,0,29,0.6365
final-b,glow_add,1,29,1.0625
final-b,glow_add,1,30,1.1803
final-b,glow_add,0,30,0.6701
final-b,glow_remove,1,0,1.0778
final-b,glow_remove,0,0,0.6178
final-b,glow_remove,0,1,0.6039
final-b,glow_remove,1,1,1.091
final-b,glow_remove,1,2,1.0812
final-b,glow_remove,0,2,0.6503
final-b,glow_remove,0,3,0.6973
final-b,glow_remove,1,3,1.1224
final-b,glow_remove,1,4,1.0825
final-b,glow_remove,0,4,0.6266
final-b,glow_remove,0,5,0.6068
final-b,glow_remove,1,5,1.0959
final-b,glow_remove,1,6,1.2504
final-b,glow_remove,0,6,0.6846
final-b,glow_remove,0,7,0.6275
final-b,glow_remove,1,7,1.1763
final-b,glow_remove,1,8,1.1416
final-b,glow_remove,0,8,0.734
final-b,glow_remove,0,9,0.6972
final-b,glow_remove,1,9,1.2108
final-b,glow_remove,1,10,1.3327
final-b,glow_remove,0,10,0.656
final-b,glow_remove,0,11,0.618
final-b,glow_remove,1,11,1.2095
final-b,glow_remove,1,12,1.092
final-b,glow_remove,0,12,0.6437
final-b,glow_remove,0,13,0.6076
final-b,glow_remove,1,13,1.0949
final-b,glow_remove,1,14,1.0795
final-b,glow_remove,0,14,0.6131
final-b,glow_remove,0,15,0.6131
final-b,glow_remove,1,15,1.0819
final-b,glow_remove,1,16,1.0815
final-b,glow_remove,0,16,0.6099
final-b,glow_remove,0,17,0.6047
final-b,glow_remove,1,17,1.0879
final-b,glow_remove,1,18,1.1693
final-b,glow_remove,0,18,0.6346
final-b,glow_remove,0,19,0.6253
final-b,glow_remove,1,19,1.0948
final-b,glow_remove,1,20,1.1326
final-b,glow_remove,0,20,0.6399
final-b,glow_remove,0,21,0.6114
final-b,glow_remove,1,21,1.12
final-b,glow_remove,1,22,1.0944
final-b,glow_remove,0,22,0.616
final-b,glow_remove,0,23,0.6062
final-b,glow_remove,1,23,1.0905
final-b,glow_remove,1,24,1.0773
final-b,glow_remove,0,24,0.6155
final-b,glow_remove,0,25,0.6048
final-b,glow_remove,1,25,1.079
final-b,glow_remove,1,26,1.0836
final-b,glow_remove,0,26,0.6109
final-b,glow_remove,0,27,0.6898
final-b,glow_remove,1,27,1.0819
final-b,glow_remove,1,28,1.0825
final-b,glow_remove,0,28,0.6068
final-b,glow_remove,0,29,0.6024
final-b,glow_remove,1,29,1.1042
final-b,glow_remove,1,30,1.0829
final-b,glow_remove,0,30,0.6279
final-b,overlap_remove,1,0,0.9219
final-b,overlap_remove,0,0,0.5976
final-b,overlap_remove,0,1,0.5907
final-b,overlap_remove,1,1,0.9204
final-b,overlap_remove,1,2,0.9063
final-b,overlap_remove,0,2,0.5934
final-b,overlap_remove,0,3,0.5948
final-b,overlap_remove,1,3,0.909
final-b,overlap_remove,1,4,0.9149
final-b,overlap_remove,0,4,0.5898
final-b,overlap_remove,0,5,0.5859
final-b,overlap_remove,1,5,0.9156
final-b,overlap_remove,1,6,0.9064
final-b,overlap_remove,0,6,0.5893
final-b,overlap_remove,0,7,0.5899
final-b,overlap_remove,1,7,1.0279
final-b,overlap_remove,1,8,0.935
final-b,overlap_remove,0,8,0.6293
final-b,overlap_remove,0,9,0.5979
final-b,overlap_remove,1,9,0.9252
final-b,overlap_remove,1,10,0.9199
final-b,overlap_remove,0,10,0.6002
final-b,overlap_remove,0,11,0.5927
final-b,overlap_remove,1,11,0.9299
final-b,overlap_remove,1,12,0.9154
final-b,overlap_remove,0,12,0.608
final-b,overlap_remove,0,13,0.5925
final-b,overlap_remove,1,13,0.9134
final-b,overlap_remove,1,14,0.9149
final-b,overlap_remove,0,14,0.5924
final-b,overlap_remove,0,15,0.5884
final-b,overlap_remove,1,15,0.9218
final-b,overlap_remove,1,16,0.9146
final-b,overlap_remove,0,16,0.6045
final-b,overlap_remove,0,17,0.5882
final-b,overlap_remove,1,17,0.9172
final-b,overlap_remove,1,18,0.9222
final-b,overlap_remove,0,18,0.5981
final-b,overlap_remove,0,19,0.5865
final-b,overlap_remove,1,19,0.9307
final-b,overlap_remove,1,20,0.9344
final-b,overlap_remove,0,20,0.6277
final-b,overlap_remove,0,21,0.5993
final-b,overlap_remove,1,21,0.9514
final-b,overlap_remove,1,22,0.9206
final-b,overlap_remove,0,22,0.6087
final-b,overlap_remove,0,23,0.592
final-b,overlap_remove,1,23,0.9192
final-b,overlap_remove,1,24,0.9194
final-b,overlap_remove,0,24,0.6742
final-b,overlap_remove,0,25,0.6131
final-b,overlap_remove,1,25,0.9225
final-b,overlap_remove,1,26,0.915
final-b,overlap_remove,0,26,0.6021
final-b,overlap_remove,0,27,0.5908
final-b,overlap_remove,1,27,0.995
final-b,overlap_remove,1,28,0.9356
final-b,overlap_remove,0,28,0.6384
final-b,overlap_remove,0,29,0.6713
final-b,overlap_remove,1,29,0.9254
final-b,overlap_remove,1,30,0.913
final-b,overlap_remove,0,30,0.6022
final-b,boundary_add,1,0,1.964
final-b,boundary_add,0,0,1.1755
final-b,boundary_add,0,1,1.203
final-b,boundary_add,1,1,2.2128
final-b,boundary_add,1,2,2.0195
final-b,boundary_add,0,2,1.2016
final-b,boundary_add,0,3,1.1376
final-b,boundary_add,1,3,2.0579
final-b,boundary_add,1,4,1.982
final-b,boundary_add,0,4,1.256
final-b,boundary_add,0,5,1.1472
final-b,boundary_add,1,5,1.9775
final-b,boundary_add,1,6,1.9738
final-b,boundary_add,0,6,1.1632
final-b,boundary_add,0,7,1.1334
final-b,boundary_add,1,7,1.9666
final-b,boundary_add,1,8,2.0445
final-b,boundary_add,0,8,1.2845
final-b,boundary_add,0,9,1.137
final-b,boundary_add,1,9,1.9907
final-b,boundary_add,1,10,2.0217
final-b,boundary_add,0,10,1.2588
final-b,boundary_add,0,11,1.1796
final-b,boundary_add,1,11,1.9882
final-b,boundary_add,1,12,2.0063
final-b,boundary_add,0,12,1.1874
final-b,boundary_add,0,13,1.1463
final-b,boundary_add,1,13,1.9962
final-b,boundary_add,1,14,1.9797
final-b,boundary_add,0,14,1.2329
final-b,boundary_add,0,15,1.1456
final-b,boundary_add,1,15,2.0069
final-b,boundary_add,1,16,1.9887
final-b,boundary_add,0,16,1.2394
final-b,boundary_add,0,17,1.1576
final-b,boundary_add,1,17,2.0244
final-b,boundary_add,1,18,1.966
final-b,boundary_add,0,18,1.1532
final-b,boundary_add,0,19,1.2153
final-b,boundary_add,1,19,1.971
final-b,boundary_add,1,20,1.9527
final-b,boundary_add,0,20,1.5713
final-b,boundary_add,0,21,1.2907
final-b,boundary_add,1,21,1.9934
final-b,boundary_add,1,22,1.9587
final-b,boundary_add,0,22,1.1628
final-b,boundary_add,0,23,1.3084
final-b,boundary_add,1,23,2.0944
final-b,boundary_add,1,24,1.9589
final-b,boundary_add,0,24,1.1755
final-b,boundary_add,0,25,1.1434
final-b,boundary_add,1,25,2.1575
final-b,boundary_add,1,26,2.0784
final-b,boundary_add,0,26,1.3241
final-b,boundary_add,0,27,1.2599
final-b,boundary_add,1,27,2.0542
final-b,boundary_add,1,28,1.9961
final-b,boundary_add,0,28,1.1663
final-b,boundary_add,0,29,1.126
final-b,boundary_add,1,29,2.0716
final-b,boundary_add,1,30,2.1069
final-b,boundary_add,0,30,1.171
final-b,boundary_remove,1,0,2.0001
final-b,boundary_remove,0,0,1.1724
final-b,boundary_remove,0,1,1.1184
final-b,boundary_remove,1,1,2.05
final-b,boundary_remove,1,2,2.0966
final-b,boundary_remove,0,2,1.1393
final-b,boundary_remove,0,3,1.1385
final-b,boundary_remove,1,3,2.1365
final-b,boundary_remove,1,4,2.0111
final-b,boundary_remove,0,4,1.1513
final-b,boundary_remove,0,5,1.1204
final-b,boundary_remove,1,5,2.0204
final-b,boundary_remove,1,6,1.9956
final-b,boundary_remove,0,6,1.1231
final-b,boundary_remove,0,7,1.138
final-b,boundary_remove,1,7,2.018
final-b,boundary_remove,1,8,2.042
final-b,boundary_remove,0,8,1.1413
final-b,boundary_remove,0,9,1.1867
final-b,boundary_remove,1,9,2.0209
final-b,boundary_remove,1,10,1.9956
final-b,boundary_remove,0,10,1.1242
final-b,boundary_remove,0,11,1.1025
final-b,boundary_remove,1,11,2.0074
final-b,boundary_remove,1,12,1.9925
final-b,boundary_remove,0,12,1.123
final-b,boundary_remove,0,13,1.1021
final-b,boundary_remove,1,13,2.083
final-b,boundary_remove,1,14,2.1329
final-b,boundary_remove,0,14,1.1657
final-b,boundary_remove,0,15,1.1094
final-b,boundary_remove,1,15,2.1671
final-b,boundary_remove,1,16,2.0307
final-b,boundary_remove,0,16,1.1543
final-b,boundary_remove,0,17,1.1179
final-b,boundary_remove,1,17,2.1136
final-b,boundary_remove,1,18,2.1505
final-b,boundary_remove,0,18,1.1719
final-b,boundary_remove,0,19,1.1131
final-b,boundary_remove,1,19,2.0277
final-b,boundary_remove,1,20,2.0135
final-b,boundary_remove,0,20,1.1333
final-b,boundary_remove,0,21,1.1056
final-b,boundary_remove,1,21,2.0209
final-b,boundary_remove,1,22,2.0321
final-b,boundary_remove,0,22,1.1304
final-b,boundary_remove,0,23,1.1969
final-b,boundary_remove,1,23,2.0487
final-b,boundary_remove,1,24,2.0127
final-b,boundary_remove,0,24,1.1431
final-b,boundary_remove,0,25,1.114
final-b,boundary_remove,1,25,2.0215
final-b,boundary_remove,1,26,2.0924
final-b,boundary_remove,0,26,1.1539
final-b,boundary_remove,0,27,1.1036
final-b,boundary_remove,1,27,2.0595
final-b,boundary_remove,1,28,2.0586
final-b,boundary_remove,0,28,1.1406
final-b,boundary_remove,0,29,1.1018
final-b,boundary_remove,1,29,2.0192
final-b,boundary_remove,1,30,1.9976
final-b,boundary_remove,0,30,1.2285
final-b,cave_open,1,0,1.7272
final-b,cave_open,0,0,1.0128
final-b,cave_open,0,1,0.9974
final-b,cave_open,1,1,1.7227
final-b,cave_open,1,2,1.7143
final-b,cave_open,0,2,1.0089
final-b,cave_open,0,3,1.0024
final-b,cave_open,1,3,1.7209
final-b,cave_open,1,4,1.7137
final-b,cave_open,0,4,1.0016
final-b,cave_open,0,5,0.9967
final-b,cave_open,1,5,1.8162
final-b,cave_open,1,6,1.7473
final-b,cave_open,0,6,1.0151
final-b,cave_open,0,7,0.9893
final-b,cave_open,1,7,1.8144
final-b,cave_open,1,8,1.8075
final-b,cave_open,0,8,1.0207
final-b,cave_open,0,9,0.9962
final-b,cave_open,1,9,1.7185
final-b,cave_open,1,10,1.7195
final-b,cave_open,0,10,1.0094
final-b,cave_open,0,11,1.0251
final-b,cave_open,1,11,1.7293
final-b,cave_open,1,12,1.7156
final-b,cave_open,0,12,1.0015
final-b,cave_open,0,13,0.986
final-b,cave_open,1,13,1.7237
final-b,cave_open,1,14,1.709
final-b,cave_open,0,14,0.9868
final-b,cave_open,0,15,0.986
final-b,cave_open,1,15,1.7227
final-b,cave_open,1,16,1.711
final-b,cave_open,0,16,1.0259
final-b,cave_open,0,17,1.0374
final-b,cave_open,1,17,1.7459
final-b,cave_open,1,18,1.8107
final-b,cave_open,0,18,1.0275
final-b,cave_open,0,19,1.0487
final-b,cave_open,1,19,1.7326
final-b,cave_open,1,20,1.8214
final-b,cave_open,0,20,1.01
final-b,cave_open,0,21,1.0525
final-b,cave_open,1,21,1.8345
final-b,cave_open,1,22,1.7601
final-b,cave_open,0,22,1.1595
final-b,cave_open,0,23,1.0698
final-b,cave_open,1,23,1.7651
final-b,cave_open,1,24,1.723
final-b,cave_open,0,24,1.0086
final-b,cave_open,0,25,0.9938
final-b,cave_open,1,25,1.8707
final-b,cave_open,1,26,1.7478
final-b,cave_open,0,26,1.0249
final-b,cave_open,0,27,0.9847
final-b,cave_open,1,27,1.9021
final-b,cave_open,1,28,1.8259
final-b,cave_open,0,28,1.0193
final-b,cave_open,0,29,1.0004
final-b,cave_open,1,29,1.737
final-b,cave_open,1,30,2.0282
final-b,cave_open,0,30,1.1544
final-b,cave_close,1,0,2.628
final-b,cave_close,0,0,1.9614
final-b,cave_close,0,1,1.9372
final-b,cave_close,1,1,2.8487
final-b,cave_close,1,2,2.904
final-b,cave_close,0,2,2.0933
final-b,cave_close,0,3,2.0012
final-b,cave_close,1,3,2.9212
final-b,cave_close,1,4,2.9479
final-b,cave_close,0,4,1.9902
final-b,cave_close,0,5,2.0018
final-b,cave_close,1,5,2.9107
final-b,cave_close,1,6,2.672
final-b,cave_close,0,6,1.9384
final-b,cave_close,0,7,2.3239
final-b,cave_close,1,7,2.9362
final-b,cave_close,1,8,2.8848
final-b,cave_close,0,8,2.0874
final-b,cave_close,0,9,1.9332
final-b,cave_close,1,9,2.8411
final-b,cave_close,1,10,2.6589
final-b,cave_close,0,10,1.9356
final-b,cave_close,0,11,1.9472
final-b,cave_close,1,11,2.7213
final-b,cave_close,1,12,2.6286
final-b,cave_close,0,12,2.0176
final-b,cave_close,0,13,1.9535
final-b,cave_close,1,13,2.7622
final-b,cave_close,1,14,2.6219
final-b,cave_close,0,14,1.8912
final-b,cave_close,0,15,1.9657
final-b,cave_close,1,15,2.7129
final-b,cave_close,1,16,2.6874
final-b,cave_close,0,16,1.8548
final-b,cave_close,0,17,1.9245
final-b,cave_close,1,17,2.6889
final-b,cave_close,1,18,2.6206
final-b,cave_close,0,18,1.8659
final-b,cave_close,0,19,1.9308
final-b,cave_close,1,19,2.7021
final-b,cave_close,1,20,2.6604
final-b,cave_close,0,20,1.8368
final-b,cave_close,0,21,1.928
final-b,cave_close,1,21,2.6775
final-b,cave_close,1,22,2.588
final-b,cave_close,0,22,1.883
final-b,cave_close,0,23,1.895
final-b,cave_close,1,23,2.7583
final-b,cave_close,1,24,2.6699
final-b,cave_close,0,24,1.9426
final-b,cave_close,0,25,2.0371
final-b,cave_close,1,25,2.7532
final-b,cave_close,1,26,2.6761
final-b,cave_close,0,26,1.9322
final-b,cave_close,0,27,1.9274
final-b,cave_close,1,27,2.7162
final-b,cave_close,1,28,2.6892
final-b,cave_close,0,28,2.0674
final-b,cave_close,0,29,1.9708
final-b,cave_close,1,29,2.6826
final-b,cave_close,1,30,2.6304
final-b,cave_close,0,30,1.9524
final-b,water_remove,1,0,1.6689
final-b,water_remove,0,0,1.0599
final-b,water_remove,0,1,0.9826
final-b,water_remove,1,1,1.6966
final-b,water_remove,1,2,1.7165
final-b,water_remove,0,2,1.0212
final-b,water_remove,0,3,0.9769
final-b,water_remove,1,3,1.679
final-b,water_remove,1,4,1.727
final-b,water_remove,0,4,1.0253
final-b,water_remove,0,5,0.9807
final-b,water_remove,1,5,1.6774
final-b,water_remove,1,6,1.6679
final-b,water_remove,0,6,0.9816
final-b,water_remove,0,7,0.9773
final-b,water_remove,1,7,1.6804
final-b,water_remove,1,8,1.7272
final-b,water_remove,0,8,0.9898
final-b,water_remove,0,9,0.9794
final-b,water_remove,1,9,1.6631
final-b,water_remove,1,10,1.6591
final-b,water_remove,0,10,0.9694
final-b,water_remove,0,11,0.9508
final-b,water_remove,1,11,1.6619
final-b,water_remove,1,12,1.694
final-b,water_remove,0,12,1.0052
final-b,water_remove,0,13,0.9794
final-b,water_remove,1,13,1.6866
final-b,water_remove,1,14,1.6609
final-b,water_remove,0,14,0.9699
final-b,water_remove,0,15,0.9756
final-b,water_remove,1,15,1.6608
final-b,water_remove,1,16,1.6526
final-b,water_remove,0,16,0.959
final-b,water_remove,0,17,0.9611
final-b,water_remove,1,17,1.6571
final-b,water_remove,1,18,1.6796
final-b,water_remove,0,18,0.9759
final-b,water_remove,0,19,0.9645
final-b,water_remove,1,19,1.6677
final-b,water_remove,1,20,1.6579
final-b,water_remove,0,20,0.9626
final-b,water_remove,0,21,0.9612
final-b,water_remove,1,21,1.6582
final-b,water_remove,1,22,1.652
final-b,water_remove,0,22,1.0372
final-b,water_remove,0,23,0.9651
final-b,water_remove,1,23,1.6762
final-b,water_remove,1,24,1.7292
final-b,water_remove,0,24,1.019
final-b,water_remove,0,25,0.9829
final-b,water_remove,1,25,1.7034
final-b,water_remove,1,26,1.6865
final-b,water_remove,0,26,0.9923
final-b,water_remove,0,27,0.9721
final-b,water_remove,1,27,1.6731
final-b,water_remove,1,28,1.6826
final-b,water_remove,0,28,0.9946
final-b,water_remove,0,29,0.9843
final-b,water_remove,1,29,1.8323
final-b,water_remove,1,30,2.2628
final-b,water_remove,0,30,1.1068
final-b,world_y_limits,1,0,3.3063
final-b,world_y_limits,0,0,2.3746
final-b,world_y_limits,0,1,2.2391
final-b,world_y_limits,1,1,3.2523
final-b,world_y_limits,1,2,3.3626
final-b,world_y_limits,0,2,2.2978
final-b,world_y_limits,0,3,2.2875
final-b,world_y_limits,1,3,3.1593
final-b,world_y_limits,1,4,3.1346
final-b,world_y_limits,0,4,2.1627
final-b,world_y_limits,0,5,2.2563
final-b,world_y_limits,1,5,3.2901
final-b,world_y_limits,1,6,3.2849
final-b,world_y_limits,0,6,2.2178
final-b,world_y_limits,0,7,2.1229
final-b,world_y_limits,1,7,3.3434
final-b,world_y_limits,1,8,3.2639
final-b,world_y_limits,0,8,2.1592
final-b,world_y_limits,0,9,2.2885
final-b,world_y_limits,1,9,3.2988
final-b,world_y_limits,1,10,3.2847
final-b,world_y_limits,0,10,2.2066
final-b,world_y_limits,0,11,2.12
final-b,world_y_limits,1,11,3.2852
final-b,world_y_limits,1,12,3.2628
final-b,world_y_limits,0,12,2.2384
final-b,world_y_limits,0,13,2.2498
final-b,world_y_limits,1,13,3.2663
final-b,world_y_limits,1,14,3.2682
final-b,world_y_limits,0,14,2.2085
final-b,world_y_limits,0,15,2.1242
final-b,world_y_limits,1,15,3.2833
final-b,world_y_limits,1,16,3.2648
final-b,world_y_limits,0,16,2.2361
final-b,world_y_limits,0,17,2.1952
final-b,world_y_limits,1,17,3.143
final-b,world_y_limits,1,18,3.1212
final-b,world_y_limits,0,18,1.9234
final-b,world_y_limits,0,19,1.4043
final-b,world_y_limits,1,19,2.5318
final-b,world_y_limits,1,20,3.4827
final-b,world_y_limits,0,20,2.3946
final-b,world_y_limits,0,21,2.1268
final-b,world_y_limits,1,21,3.2254
final-b,world_y_limits,1,22,3.2875
final-b,world_y_limits,0,22,2.2625
final-b,world_y_limits,0,23,2.2015
final-b,world_y_limits,1,23,3.2264
final-b,world_y_limits,1,24,3.2223
final-b,world_y_limits,0,24,2.1741
final-b,world_y_limits,0,25,2.2723
final-b,world_y_limits,1,25,3.2939
final-b,world_y_limits,1,26,3.3648
final-b,world_y_limits,0,26,2.331
final-b,world_y_limits,0,27,2.317
final-b,world_y_limits,1,27,3.298
final-b,world_y_limits,1,28,3.3095
final-b,world_y_limits,0,28,2.3254
final-b,world_y_limits,0,29,2.4091
final-b,world_y_limits,1,29,3.4422
final-b,world_y_limits,1,30,3.3073
final-b,world_y_limits,0,30,2.1405
