run,side,samples,step,octaves,method,round,iterations,ns_per_sample
1,5,25,4,1,simplex4d_torus_grid,0,84940,9.257970332
1,5,25,4,1,simplex4d_torus_point,0,55156,14.2791355428
1,5,25,4,1,perlin2d,0,222642,2.03603992059
1,5,25,4,1,periodic_perlin2d,0,349013,2.09325154077
1,5,25,4,1,simplex4d_cached,0,125140,5.64823397794
1,5,25,4,1,simplex4d_cached,1,125140,5.87425283682
1,5,25,4,1,periodic_perlin2d,1,349013,2.15175939005
1,5,25,4,1,simplex4d_torus_grid,1,84940,8.90200141276
1,5,25,4,1,perlin2d,1,222642,1.98375867985
1,5,25,4,1,simplex4d_torus_point,1,55156,13.1565740808
1,5,25,4,1,simplex4d_torus_grid,2,84940,8.61841299741
1,5,25,4,1,simplex4d_cached,2,125140,5.85577752917
1,5,25,4,1,simplex4d_torus_point,2,55156,13.0604829937
1,5,25,4,1,periodic_perlin2d,2,349013,2.01890473994
1,5,25,4,1,perlin2d,2,222642,1.83889832107
1,5,25,4,1,simplex4d_cached,3,125140,5.79773054179
1,5,25,4,1,perlin2d,3,222642,1.97360785476
1,5,25,4,1,simplex4d_torus_grid,3,84940,8.43084530257
1,5,25,4,1,periodic_perlin2d,3,349013,2.10875812649
1,5,25,4,1,simplex4d_torus_point,3,55156,13.5766190442
1,5,25,4,1,periodic_perlin2d,4,349013,2.06734992679
1,5,25,4,1,perlin2d,4,222642,1.87245892509
1,5,25,4,1,simplex4d_cached,4,125140,5.87642640243
1,5,25,4,1,simplex4d_torus_grid,4,84940,8.52069696256
1,5,25,4,1,simplex4d_torus_point,4,55156,13.2455580535
1,5,25,4,1,simplex4d_cached,5,125140,5.86367268659
1,5,25,4,1,simplex4d_torus_point,5,55156,13.5903981434
1,5,25,4,1,simplex4d_torus_grid,5,84940,8.44323051566
1,5,25,4,1,perlin2d,5,222642,1.88259178412
1,5,25,4,1,periodic_perlin2d,5,349013,2.00373052007
1,5,25,4,1,periodic_perlin2d,6,349013,2.0434081252
1,5,25,4,1,simplex4d_cached,6,125140,5.85104682755
1,5,25,4,1,simplex4d_torus_grid,6,84940,8.52554744526
1,5,25,4,1,perlin2d,6,222642,1.99037019071
1,5,25,4,1,simplex4d_torus_point,6,55156,13.1873232287
1,5,25,4,1,simplex4d_cached,7,125140,5.90970113473
1,5,25,4,1,periodic_perlin2d,7,349013,2.04093257271
1,5,25,4,1,simplex4d_torus_grid,7,84940,8.51504591476
1,5,25,4,1,simplex4d_torus_point,7,55156,13.6086735804
1,5,25,4,1,perlin2d,7,222642,1.81184143154
1,5,25,4,1,simplex4d_torus_grid,8,84940,8.78554273605
1,5,25,4,1,simplex4d_torus_point,8,55156,13.9589527885
1,5,25,4,1,perlin2d,8,222642,2.77077999659
1,5,25,4,1,periodic_perlin2d,8,349013,2.15219490391
1,5,25,4,1,simplex4d_cached,8,125140,5.74984817005
1,5,25,4,1,simplex4d_torus_point,9,55156,13.562477337
1,5,25,4,1,perlin2d,9,222642,1.89365887838
1,5,25,4,1,simplex4d_cached,9,125140,5.73846891482
1,5,25,4,1,simplex4d_torus_grid,9,84940,8.57551212621
1,5,25,4,1,periodic_perlin2d,9,349013,2.01240641466
1,5,25,4,1,simplex4d_torus_grid,10,84940,8.73948669649
1,5,25,4,1,simplex4d_cached,10,125140,5.89538117309
1,5,25,4,1,periodic_perlin2d,10,349013,2.01344935575
1,5,25,4,1,simplex4d_torus_point,10,55156,13.6200594677
1,5,25,4,1,perlin2d,10,222642,1.84622847441
1,5,25,4,1,simplex4d_cached,11,125140,6.23097330989
1,5,25,4,1,simplex4d_torus_grid,11,84940,8.6774664469
1,5,25,4,1,perlin2d,11,222642,1.83158613379
1,5,25,4,1,periodic_perlin2d,11,349013,2.02131152708
1,5,25,4,1,simplex4d_torus_point,11,55156,13.6856189716
1,5,25,4,1,simplex4d_torus_point,12,55156,13.4483283777
1,5,25,4,1,perlin2d,12,222642,1.87551315565
1,5,25,4,1,simplex4d_cached,12,125140,5.734185712
1,5,25,4,1,simplex4d_torus_grid,12,84940,8.6496350365
1,5,25,4,1,periodic_perlin2d,12,349013,2.03082406673
1,5,25,4,1,simplex4d_torus_grid,13,84940,8.56510477984
1,5,25,4,1,simplex4d_torus_point,13,55156,13.6310827471
1,5,25,4,1,simplex4d_cached,13,125140,5.91631772415
1,5,25,4,1,perlin2d,13,222642,1.85650506194
1,5,25,4,1,periodic_perlin2d,13,349013,2.24201390779
1,5,25,4,1,simplex4d_torus_grid,14,84940,8.7176830704
1,5,25,4,1,simplex4d_torus_point,14,55156,13.2029878889
1,5,25,4,1,simplex4d_cached,14,125140,5.8342336583
1,5,25,4,1,periodic_perlin2d,14,349013,2.00566741067
1,5,25,4,1,perlin2d,14,222642,2.01255827741
1,5,25,4,1,simplex4d_torus_point,15,55156,13.3211980564
1,5,25,4,1,simplex4d_torus_grid,15,84940,8.68622557099
1,5,25,4,1,simplex4d_cached,15,125140,7.13025411539
1,5,25,4,1,periodic_perlin2d,15,349013,2.18726523081
1,5,25,4,1,perlin2d,15,222642,2.06731883472
1,5,25,4,1,simplex4d_torus_grid,16,84940,9.38168118672
1,5,25,4,1,simplex4d_torus_point,16,55156,14.7579955037
1,5,25,4,1,periodic_perlin2d,16,349013,2.37314942423
1,5,25,4,1,perlin2d,16,222642,2.03303958822
1,5,25,4,1,simplex4d_cached,16,125140,6.45571360077
1,5,25,4,1,perlin2d,17,222642,1.98118953297
1,5,25,4,1,simplex4d_torus_point,17,55156,13.0604104721
1,5,25,4,1,periodic_perlin2d,17,349013,2.00856701613
1,5,25,4,1,simplex4d_torus_grid,17,84940,8.94560866494
1,5,25,4,1,simplex4d_cached,17,125140,5.75333226786
1,5,25,4,1,perlin2d,18,222642,1.87950162144
1,5,25,4,1,periodic_perlin2d,18,349013,2.02793592216
1,5,25,4,1,simplex4d_torus_point,18,55156,15.1475088839
1,5,25,4,1,simplex4d_cached,18,125140,6.24468595173
1,5,25,4,1,simplex4d_torus_grid,18,84940,9.80555686367
1,5,25,4,1,simplex4d_cached,19,125140,6.62879974429
1,5,25,4,1,simplex4d_torus_point,19,55156,16.2571615055
1,5,25,4,1,simplex4d_torus_grid,19,84940,10.4555215446
1,5,25,4,1,periodic_perlin2d,19,349013,2.3574021598
1,5,25,4,1,perlin2d,19,222642,2.05788665211
1,5,25,4,1,simplex4d_torus_point,20,55156,15.5181666546
1,5,25,4,1,simplex4d_torus_grid,20,84940,9.87351071344
1,5,25,4,1,periodic_perlin2d,20,349013,2.30040714816
1,5,25,4,1,simplex4d_cached,20,125140,6.44295988493
1,5,25,4,1,perlin2d,20,222642,2.19498567207
1,5,25,4,1,simplex4d_torus_grid,21,84940,9.31641158465
1,5,25,4,1,simplex4d_cached,21,125140,6.33536838741
1,5,25,4,1,periodic_perlin2d,21,349013,2.21753344431
1,5,25,4,1,simplex4d_torus_point,21,55156,14.0637464646
1,5,25,4,1,perlin2d,21,222642,1.89205989885
1,5,25,4,1,simplex4d_cached,22,125140,5.89506153109
1,5,25,4,1,simplex4d_torus_grid,22,84940,8.55187190958
1,5,25,4,1,periodic_perlin2d,22,349013,2.08518307341
1,5,25,4,1,simplex4d_torus_point,22,55156,15.1965334687
1,5,25,4,1,perlin2d,22,222642,1.9525875621
1,5,25,4,1,periodic_perlin2d,23,349013,2.01916834043
1,5,25,4,1,simplex4d_cached,23,125140,5.83838900432
1,5,25,4,1,perlin2d,23,222642,1.87200977354
1,5,25,4,1,simplex4d_torus_grid,23,84940,8.57970331999
1,5,25,4,1,simplex4d_torus_point,23,55156,13.1467111466
1,5,25,4,1,simplex4d_cached,24,125140,5.80885408343
1,5,25,4,1,periodic_perlin2d,24,349013,2.05131614009
1,5,25,4,1,perlin2d,24,222642,2.01135455125
1,5,25,4,1,simplex4d_torus_point,24,55156,14.5508013634
1,5,25,4,1,simplex4d_torus_grid,24,84940,8.45632210972
1,5,25,4,1,simplex4d_cached,25,125140,5.82991849129
1,5,25,4,1,simplex4d_torus_grid,25,84940,8.7168825053
1,5,25,4,1,simplex4d_torus_point,25,55156,13.6260062369
1,5,25,4,1,periodic_perlin2d,25,349013,2.04502411085
1,5,25,4,1,perlin2d,25,222642,1.89006566596
1,5,25,4,1,simplex4d_cached,26,125140,5.99287198338
1,5,25,4,1,simplex4d_torus_grid,26,84940,8.6458676713
1,5,25,4,1,simplex4d_torus_point,26,55156,13.4862571615
1,5,25,4,1,perlin2d,26,222642,2.21471240826
1,5,25,4,1,periodic_perlin2d,26,349013,2.29097483475
1,5,25,4,1,perlin2d,27,222642,2.00192236865
1,5,25,4,1,periodic_perlin2d,27,349013,2.02131152708
1,5,25,4,1,simplex4d_torus_point,27,55156,13.7368192037
1,5,25,4,1,simplex4d_torus_grid,27,84940,9.0944195903
1,5,25,4,1,simplex4d_cached,27,125140,6.28256352885
1,5,25,4,1,periodic_perlin2d,28,349013,2.21634151163
1,5,25,4,1,simplex4d_cached,28,125140,6.99098609557
1,5,25,4,1,perlin2d,28,222642,2.04417854673
1,5,25,4,1,simplex4d_torus_grid,28,84940,9.52102660702
1,5,25,4,1,simplex4d_torus_point,28,55156,14.733193125
1,5,25,4,1,periodic_perlin2d,29,349013,2.25777263311
1,5,25,4,1,simplex4d_torus_point,29,55156,14.1517876568
1,5,25,4,1,perlin2d,29,222642,1.90787003351
1,5,25,4,1,simplex4d_cached,29,125140,5.86328911619
1,5,25,4,1,simplex4d_torus_grid,29,84940,8.47299270073
1,5,25,4,1,simplex4d_torus_grid,30,84940,8.57329879915
1,5,25,4,1,perlin2d,30,222642,1.88589753955
1,5,25,4,1,simplex4d_cached,30,125140,5.82988652709
1,5,25,4,1,periodic_perlin2d,30,349013,2.02689298106
1,5,25,4,1,simplex4d_torus_point,30,55156,13.1346725651
1,5,25,4,6,periodic_perlin2d,0,90266,8.70538187136
1,5,25,4,6,perlin2d,0,85431,9.69432641547
1,5,25,4,6,simplex4d_cached,0,23033,33.4259540659
1,5,25,4,6,simplex4d_torus_grid,0,21007,37.3256533536
1,5,25,4,6,simplex4d_torus_point,0,19147,40.7435107328
1,5,25,4,6,simplex4d_torus_grid,1,21007,35.2137858809
1,5,25,4,6,simplex4d_cached,1,23033,33.2121738375
1,5,25,4,6,perlin2d,1,85431,9.21880816097
1,5,25,4,6,simplex4d_torus_point,1,19147,43.1865044132
1,5,25,4,6,periodic_perlin2d,1,90266,9.02554671748
1,5,25,4,6,simplex4d_torus_grid,2,21007,40.0230399391
1,5,25,4,6,perlin2d,2,85431,10.3892966253
1,5,25,4,6,simplex4d_cached,2,23033,38.4714105848
1,5,25,4,6,periodic_perlin2d,2,90266,9.20430726963
1,5,25,4,6,simplex4d_torus_point,2,19147,44.3288243589
1,5,25,4,6,perlin2d,3,85431,10.8436047805
1,5,25,4,6,simplex4d_cached,3,23033,34.1683671254
1,5,25,4,6,simplex4d_torus_grid,3,21007,36.5304898367
1,5,25,4,6,simplex4d_torus_point,3,19147,41.7487857106
1,5,25,4,6,periodic_perlin2d,3,90266,8.8806416591
1,5,25,4,6,simplex4d_cached,4,23033,33.2672252855
1,5,25,4,6,perlin2d,4,85431,9.41227423301
1,5,25,4,6,simplex4d_torus_point,4,19147,42.08721993
1,5,25,4,6,simplex4d_torus_grid,4,21007,36.0293235588
1,5,25,4,6,periodic_perlin2d,4,90266,9.07070214699
1,5,25,4,6,simplex4d_torus_point,5,19147,45.1889068784
1,5,25,4,6,simplex4d_cached,5,23033,35.625059697
1,5,25,4,6,simplex4d_torus_grid,5,21007,38.1322416337
1,5,25,4,6,perlin2d,5,85431,9.77265863679
1,5,25,4,6,periodic_perlin2d,5,90266,9.2339529834
1,5,25,4,6,simplex4d_cached,6,23033,37.7411539964
1,5,25,4,6,perlin2d,6,85431,10.2135290468
1,5,25,4,6,periodic_perlin2d,6,90266,9.21223938138
1,5,25,4,6,simplex4d_torus_point,6,19147,40.7155167911
1,5,25,4,6,simplex4d_torus_grid,6,21007,37.1318132051
1,5,25,4,6,perlin2d,7,85431,9.64741136122
1,5,25,4,6,simplex4d_torus_point,7,19147,41.8461377762
1,5,25,4,6,periodic_perlin2d,7,90266,8.84169011588
1,5,25,4,6,simplex4d_cached,7,23033,34.0801458777
1,5,25,4,6,simplex4d_torus_grid,7,21007,40.0177083829
1,5,25,4,6,perlin2d,8,85431,9.66726363966
1,5,25,4,6,simplex4d_cached,8,23033,35.6775061868
1,5,25,4,6,simplex4d_torus_grid,8,21007,35.9683914886
1,5,25,4,6,periodic_perlin2d,8,90266,9.09121928522
1,5,25,4,6,simplex4d_torus_point,8,19147,40.7612680838
1,5,25,4,6,simplex4d_torus_grid,9,21007,36.0655019755
1,5,25,4,6,simplex4d_cached,9,23033,33.3099465984
1,5,25,4,6,perlin2d,9,85431,9.49725509475
1,5,25,4,6,simplex4d_torus_point,9,19147,41.9146602601
1,5,25,4,6,periodic_perlin2d,9,90266,8.60137814903
1,5,25,4,6,perlin2d,10,85431,9.59052334633
1,5,25,4,6,periodic_perlin2d,10,90266,8.66607582035
1,5,25,4,6,simplex4d_cached,10,23033,33.108496505
1,5,25,4,6,simplex4d_torus_point,10,19147,40.4190734841
1,5,25,4,6,simplex4d_torus_grid,10,21007,35.412005522
1,5,25,4,6,perlin2d,11,85431,10.140487645
1,5,25,4,6,simplex4d_cached,11,23033,35.5380540963
1,5,25,4,6,simplex4d_torus_grid,11,21007,47.0804969772
1,5,25,4,6,simplex4d_torus_point,11,19147,50.6514858725
1,5,25,4,6,periodic_perlin2d,11,90266,10.9599184632
1,5,25,4,6,simplex4d_torus_grid,12,21007,44.9345456276
1,5,25,4,6,simplex4d_torus_point,12,19147,50.104768371
1,5,25,4,6,simplex4d_cached,12,23033,41.4407154952
1,5,25,4,6,periodic_perlin2d,12,90266,11.6286974054
1,5,25,4,6,perlin2d,12,85431,11.7062892861
1,5,25,4,6,simplex4d_torus_grid,13,21007,43.361736564
1,5,25,4,6,simplex4d_torus_point,13,19147,45.5365331384
1,5,25,4,6,perlin2d,13,85431,10.5896922663
1,5,25,4,6,simplex4d_cached,13,23033,35.7080710285
1,5,25,4,6,periodic_perlin2d,13,90266,8.95628475838
1,5,25,4,6,simplex4d_cached,14,23033,34.1237355099
1,5,25,4,6,periodic_perlin2d,14,90266,8.89969645271
1,5,25,4,6,simplex4d_torus_grid,14,21007,37.0586947208
1,5,25,4,6,perlin2d,14,85431,10.147885428
1,5,25,4,6,simplex4d_torus_point,14,19147,43.2888703191
1,5,25,4,6,simplex4d_torus_point,15,19147,42.0489893978
1,5,25,4,6,simplex4d_torus_grid,15,21007,39.906316942
1,5,25,4,6,perlin2d,15,85431,11.2832110124
1,5,25,4,6,periodic_perlin2d,15,90266,10.8366383799
1,5,25,4,6,simplex4d_cached,15,23033,39.8407502279
1,5,25,4,6,periodic_perlin2d,16,90266,11.3988877318
1,5,25,4,6,simplex4d_cached,16,23033,41.4082403508
1,5,25,4,6,simplex4d_torus_grid,16,21007,42.2661017756
1,5,25,4,6,simplex4d_torus_point,16,19147,56.5419125712
1,5,25,4,6,perlin2d,16,85431,10.9055026864
1,5,25,4,6,simplex4d_cached,17,23033,36.1967611688
1,5,25,4,6,simplex4d_torus_point,17,19147,44.3258996187
1,5,25,4,6,periodic_perlin2d,17,90266,9.76035273525
1,5,25,4,6,simplex4d_torus_grid,17,21007,37.4751273385
1,5,25,4,6,perlin2d,17,85431,10.4511008884
1,5,25,4,6,simplex4d_torus_grid,18,21007,39.0810682154
1,5,25,4,6,perlin2d,18,85431,10.2488792125
1,5,25,4,6,periodic_perlin2d,18,90266,9.00533977356
1,5,25,4,6,simplex4d_cached,18,23033,35.7346416012
1,5,25,4,6,simplex4d_torus_point,18,19147,42.8537107641
1,5,25,4,6,simplex4d_cached,19,23033,35.5712238961
1,5,25,4,6,periodic_perlin2d,19,90266,8.93443821594
1,5,25,4,6,perlin2d,19,85431,10.2140440824
1,5,25,4,6,simplex4d_torus_point,19,19147,45.5515746592
1,5,25,4,6,simplex4d_torus_grid,19,21007,42.0547436569
1,5,25,4,6,periodic_perlin2d,20,90266,10.1184499147
1,5,25,4,6,simplex4d_cached,20,23033,40.8924586463
1,5,25,4,6,simplex4d_torus_grid,20,21007,37.839386871
1,5,25,4,6,perlin2d,20,85431,9.60419519846
1,5,25,4,6,simplex4d_torus_point,20,19147,41.6614613255
1,5,25,4,6,simplex4d_torus_point,21,19147,45.7483678905
1,5,25,4,6,simplex4d_cached,21,23033,33.5113966917
1,5,25,4,6,perlin2d,21,85431,9.89959148319
1,5,25,4,6,periodic_perlin2d,21,90266,8.48354862296
1,5,25,4,6,simplex4d_torus_grid,21,21007,36.2227828819
1,5,25,4,6,simplex4d_torus_grid,22,21007,55.5319655353
1,5,25,4,6,perlin2d,22,85431,12.246608374
1,5,25,4,6,simplex4d_torus_point,22,19147,48.7207395414
1,5,25,4,6,periodic_perlin2d,22,90266,10.5908758558
1,5,25,4,6,simplex4d_cached,22,23033,39.3968653671
1,5,25,4,6,simplex4d_torus_grid,23,21007,45.0082353501
1,5,25,4,6,periodic_perlin2d,23,90266,10.6129439656
1,5,25,4,6,perlin2d,23,85431,11.0487762054
1,5,25,4,6,simplex4d_cached,23,23033,36.0222289758
1,5,25,4,6,simplex4d_torus_point,23,19147,44.6720635086
1,5,25,4,6,periodic_perlin2d,24,90266,9.20647862983
1,5,25,4,6,simplex4d_torus_point,24,19147,41.0965686531
1,5,25,4,6,simplex4d_cached,24,23033,34.686753788
1,5,25,4,6,perlin2d,24,85431,9.64207372031
1,5,25,4,6,simplex4d_torus_grid,24,21007,37.9187889751
1,5,25,4,6,perlin2d,25,85431,9.79157448701
1,5,25,4,6,simplex4d_torus_grid,25,21007,37.8890845909
1,5,25,4,6,simplex4d_torus_point,25,19147,43.1762678226
1,5,25,4,6,simplex4d_cached,25,23033,34.5146528893
1,5,25,4,6,periodic_perlin2d,25,90266,9.47076418585
1,5,25,4,6,periodic_perlin2d,26,90266,8.99350807613
1,5,25,4,6,simplex4d_cached,26,23033,34.4047236574
1,5,25,4,6,perlin2d,26,85431,9.84162657583
1,5,25,4,6,simplex4d_torus_point,26,19147,43.0856008774
1,5,25,4,6,simplex4d_torus_grid,26,21007,39.4904555624
1,5,25,4,6,simplex4d_cached,27,23033,36.3761559502
1,5,25,4,6,perlin2d,27,85431,10.6808535543
1,5,25,4,6,periodic_perlin2d,27,90266,9.88766534465
1,5,25,4,6,simplex4d_torus_point,27,19147,43.7004230428
1,5,25,4,6,simplex4d_torus_grid,27,21007,39.4921692769
1,5,25,4,6,simplex4d_torus_grid,28,21007,48.0639786738
1,5,25,4,6,periodic_perlin2d,28,90266,9.42148760331
1,5,25,4,6,perlin2d,28,85431,9.43296929686
1,5,25,4,6,simplex4d_torus_point,28,19147,40.7871729253
1,5,25,4,6,simplex4d_cached,28,23033,32.9846741632
1,5,25,4,6,simplex4d_torus_point,29,19147,40.7468532929
1,5,25,4,6,simplex4d_torus_grid,29,21007,39.8945113534
1,5,25,4,6,perlin2d,29,85431,9.76905338811
1,5,25,4,6,simplex4d_cached,29,23033,40.7625580689
1,5,25,4,6,periodic_perlin2d,29,90266,8.98105599007
1,5,25,4,6,periodic_perlin2d,30,90266,9.49553541754
1,5,25,4,6,simplex4d_torus_point,30,19147,44.4840444978
1,5,25,4,6,simplex4d_torus_grid,30,21007,39.3103251297
1,5,25,4,6,perlin2d,30,85431,9.85974646206
1,5,25,4,6,simplex4d_cached,30,23033,33.6096904441
1,16,256,1,1,periodic_perlin2d,0,65793,1.35130850736
1,16,256,1,1,simplex4d_cached,0,16803,4.49801095786
1,16,256,1,1,simplex4d_torus_grid,0,12654,6.34050991781
1,16,256,1,1,perlin2d,0,66311,1.18862844211
1,16,256,1,1,simplex4d_torus_point,0,6632,12.1987852458
1,16,256,1,1,simplex4d_torus_grid,1,12654,6.28435795993
1,16,256,1,1,periodic_perlin2d,1,65793,1.42208565121
1,16,256,1,1,simplex4d_torus_point,1,6632,13.2408445793
1,16,256,1,1,perlin2d,1,66311,1.28245125243
1,16,256,1,1,simplex4d_cached,1,16803,4.86252919866
1,16,256,1,1,perlin2d,2,66311,1.31446776364
1,16,256,1,1,periodic_perlin2d,2,65793,1.33182861399
1,16,256,1,1,simplex4d_torus_grid,2,12654,6.74616845464
1,16,256,1,1,simplex4d_torus_point,2,6632,12.7971506521
1,16,256,1,1,simplex4d_cached,2,16803,4.82942499107
1,16,256,1,1,simplex4d_cached,3,16803,4.7411548533
1,16,256,1,1,simplex4d_torus_point,3,6632,14.5740467619
1,16,256,1,1,simplex4d_torus_grid,3,12654,6.47871349968
1,16,256,1,1,perlin2d,3,66311,1.14882429009
1,16,256,1,1,periodic_perlin2d,3,65793,1.24711096735
1,16,256,1,1,perlin2d,4,66311,1.21758173606
1,16,256,1,1,periodic_perlin2d,4,65793,1.36115235473
1,16,256,1,1,simplex4d_torus_point,4,6632,11.8274205556
1,16,256,1,1,simplex4d_torus_grid,4,12654,5.88928772523
1,16,256,1,1,simplex4d_cached,4,16803,4.31175329554
1,16,256,1,1,simplex4d_torus_grid,5,12654,5.8848733602
1,16,256,1,1,periodic_perlin2d,5,65793,1.2709309406
1,16,256,1,1,simplex4d_cached,5,16803,4.28792477534
1,16,256,1,1,simplex4d_torus_point,5,6632,12.0258547572
1,16,256,1,1,perlin2d,5,66311,1.15186394414
1,16,256,1,1,simplex4d_torus_grid,6,12654,6.09077416232
1,16,256,1,1,perlin2d,6,66311,1.21662742607
1,16,256,1,1,simplex4d_torus_point,6,6632,12.8096374585
1,16,256,1,1,periodic_perlin2d,6,65793,1.47294355023
1,16,256,1,1,simplex4d_cached,6,16803,4.86964288371
1,16,256,1,1,perlin2d,7,66311,1.19449568133
1,16,256,1,1,simplex4d_torus_grid,7,12654,6.05934882251
1,16,256,1,1,simplex4d_torus_point,7,6632,12.1652711286
1,16,256,1,1,periodic_perlin2d,7,65793,1.38953802076
1,16,256,1,1,simplex4d_cached,7,16803,4.28027640154
1,16,256,1,1,simplex4d_torus_grid,8,12654,5.88752815315
1,16,256,1,1,perlin2d,8,66311,1.18674338534
1,16,256,1,1,simplex4d_cached,8,16803,4.34316044754
1,16,256,1,1,periodic_perlin2d,8,65793,1.23381761738
1,16,256,1,1,simplex4d_torus_point,8,6632,11.4836210796
1,16,256,1,1,simplex4d_torus_point,9,6632,12.2795371871
1,16,256,1,1,simplex4d_torus_grid,9,12654,5.91290303461
1,16,256,1,1,periodic_perlin2d,9,65793,1.25978091324
1,16,256,1,1,simplex4d_cached,9,16803,5.67546531869
1,16,256,1,1,perlin2d,9,66311,1.22827354247
1,16,256,1,1,simplex4d_torus_grid,10,12654,6.5798425893
1,16,256,1,1,periodic_perlin2d,10,65793,1.41399327246
1,16,256,1,1,simplex4d_torus_point,10,6632,12.7546248304
1,16,256,1,1,simplex4d_cached,10,16803,4.55805882878
1,16,256,1,1,perlin2d,10,66311,2.04937482092
1,16,256,1,1,periodic_perlin2d,11,65793,1.56652540924
1,16,256,1,1,simplex4d_torus_point,11,6632,26.3140007728
1,16,256,1,1,simplex4d_cached,11,16803,7.56917012587
1,16,256,1,1,perlin2d,11,66311,2.84853875111
1,16,256,1,1,simplex4d_torus_grid,11,12654,13.7028681642
1,16,256,1,1,periodic_perlin2d,12,65793,2.24792982346
1,16,256,1,1,simplex4d_cached,12,16803,5.40614492204
1,16,256,1,1,simplex4d_torus_point,12,6632,16.1290664581
1,16,256,1,1,perlin2d,12,66311,1.31922753201
1,16,256,1,1,simplex4d_torus_grid,12,12654,12.6994799075
1,16,256,1,1,perlin2d,13,66311,3.50437945816
1,16,256,1,1,simplex4d_cached,13,16803,6.0295687526
1,16,256,1,1,periodic_perlin2d,13,65793,1.4118321383
1,16,256,1,1,simplex4d_torus_point,13,6632,12.5845804433
1,16,256,1,1,simplex4d_torus_grid,13,12654,6.61623794847
1,16,256,1,1,simplex4d_cached,14,16803,4.67041320746
1,16,256,1,1,periodic_perlin2d,14,65793,1.37134649583
1,16,256,1,1,simplex4d_torus_grid,14,12654,6.61136053817
1,16,256,1,1,simplex4d_torus_point,14,6632,13.1168011158
1,16,256,1,1,perlin2d,14,66311,1.44698725513
1,16,256,1,1,perlin2d,15,66311,1.4442362504
1,16,256,1,1,simplex4d_cached,15,16803,6.68114510802
1,16,256,1,1,simplex4d_torus_grid,15,12654,17.0777582681
1,16,256,1,1,periodic_perlin2d,15,65793,3.25871720776
1,16,256,1,1,simplex4d_torus_point,15,6632,16.8884645469
1,16,256,1,1,perlin2d,16,66311,2.33232184328
1,16,256,1,1,simplex4d_cached,16,16803,7.1751510147
1,16,256,1,1,simplex4d_torus_point,16,6632,14.6783587153
1,16,256,1,1,simplex4d_torus_grid,16,12654,10.1679496108
1,16,256,1,1,periodic_perlin2d,16,65793,1.59010789522
1,16,256,1,1,perlin2d,17,66311,1.74167464674
1,16,256,1,1,simplex4d_cached,17,16803,5.56332016604
1,16,256,1,1,simplex4d_torus_point,17,6632,12.6828845936
1,16,256,1,1,periodic_perlin2d,17,65793,1.44850611007
1,16,256,1,1,simplex4d_torus_grid,17,12654,6.59209785443
1,16,256,1,1,simplex4d_torus_grid,18,12654,6.6178740418
1,16,256,1,1,periodic_perlin2d,18,65793,1.49067791216
1,16,256,1,1,simplex4d_torus_point,18,6632,16.8122479079
1,16,256,1,1,simplex4d_cached,18,16803,4.67920070077
1,16,256,1,1,perlin2d,18,66311,1.24347181275
1,16,256,1,1,simplex4d_torus_grid,19,12654,6.62855495298
1,16,256,1,1,simplex4d_cached,19,16803,4.91125561656
1,16,256,1,1,simplex4d_torus_point,19,6632,12.7283554169
1,16,256,1,1,perlin2d,19,66311,1.24507411101
1,16,256,1,1,periodic_perlin2d,19,65793,1.28313778631
1,16,256,1,1,perlin2d,20,66311,1.16579569189
1,16,256,1,1,simplex4d_torus_grid,20,12654,6.36915698593
1,16,256,1,1,periodic_perlin2d,20,65793,1.32390247633
1,16,256,1,1,simplex4d_cached,20,16803,4.52932512051
1,16,256,1,1,simplex4d_torus_point,20,6632,13.2490316835
1,16,256,1,1,simplex4d_torus_point,21,6632,12.4862173929
1,16,256,1,1,periodic_perlin2d,21,65793,1.33101522008
1,16,256,1,1,simplex4d_cached,21,16803,4.42487483634
1,16,256,1,1,perlin2d,21,66311,1.12116108187
1,16,256,1,1,simplex4d_torus_grid,21,12654,5.90898258456
1,16,256,1,1,periodic_perlin2d,22,65793,1.27244492195
1,16,256,1,1,perlin2d,22,66311,1.20246593702
1,16,256,1,1,simplex4d_cached,22,16803,4.92615715944
1,16,256,1,1,simplex4d_torus_point,22,6632,12.0310968599
1,16,256,1,1,simplex4d_torus_grid,22,12654,6.18276582504
1,16,256,1,1,simplex4d_cached,23,16803,4.78953256115
1,16,256,1,1,simplex4d_torus_point,23,6632,13.5949515606
1,16,256,1,1,perlin2d,23,66311,1.4447428594
1,16,256,1,1,periodic_perlin2d,23,65793,1.4711623957
1,16,256,1,1,simplex4d_torus_grid,23,12654,6.6480645942
1,16,256,1,1,simplex4d_torus_grid,24,12654,7.22813685396
1,16,256,1,1,perlin2d,24,66311,1.33578068684
1,16,256,1,1,simplex4d_torus_point,24,6632,12.917895714
1,16,256,1,1,periodic_perlin2d,24,65793,1.39549895126
1,16,256,1,1,simplex4d_cached,24,16803,4.73738878474
1,16,256,1,1,perlin2d,25,66311,1.17545071708
1,16,256,1,1,simplex4d_torus_point,25,6632,11.9016934937
1,16,256,1,1,periodic_perlin2d,25,65793,1.31255058479
1,16,256,1,1,simplex4d_cached,25,16803,4.33774381807
1,16,256,1,1,simplex4d_torus_grid,25,12654,6.10657944128
1,16,256,1,1,simplex4d_cached,26,16803,4.69026643308
1,16,256,1,1,simplex4d_torus_grid,26,12654,6.43018635412
1,16,256,1,1,perlin2d,26,66311,1.16249095173
1,16,256,1,1,periodic_perlin2d,26,65793,1.26022026469
1,16,256,1,1,simplex4d_torus_point,26,6632,12.8433282758
1,16,256,1,1,simplex4d_cached,27,16803,4.81898693686
1,16,256,1,1,periodic_perlin2d,27,65793,1.3120577987
1,16,256,1,1,perlin2d,27,66311,1.17684683725
1,16,256,1,1,simplex4d_torus_point,27,6632,12.5869953445
1,16,256,1,1,simplex4d_torus_grid,27,12654,6.71110049194
1,16,256,1,1,simplex4d_cached,28,16803,4.61901334583
1,16,256,1,1,perlin2d,28,66311,1.26998631449
1,16,256,1,1,simplex4d_torus_point,28,6632,13.6876602081
1,16,256,1,1,simplex4d_torus_grid,28,12654,6.95058751185
1,16,256,1,1,periodic_perlin2d,28,65793,1.30889328082
1,16,256,1,1,simplex4d_cached,29,16803,4.40069760608
1,16,256,1,1,simplex4d_torus_point,29,6632,11.6266303528
1,16,256,1,1,simplex4d_torus_grid,29,12654,5.92648569622
1,16,256,1,1,perlin2d,29,66311,1.14612630257
1,16,256,1,1,periodic_perlin2d,29,65793,1.30461850995
1,16,256,1,1,perlin2d,30,66311,1.17847858953
1,16,256,1,1,periodic_perlin2d,30,65793,1.33274887716
1,16,256,1,1,simplex4d_torus_point,30,6632,12.7303580179
1,16,256,1,1,simplex4d_cached,30,16803,4.44184539219
1,16,256,1,1,simplex4d_torus_grid,30,12654,6.74354453137
1,16,256,1,6,periodic_perlin2d,0,10221,6.87707905293
1,16,256,1,6,simplex4d_torus_point,0,2011,34.2133888613
1,16,256,1,6,simplex4d_torus_grid,0,2310,29.7167545996
1,16,256,1,6,simplex4d_cached,0,2542,27.602373869
1,16,256,1,6,perlin2d,0,10589,7.15615851355
1,16,256,1,6,periodic_perlin2d,1,10221,6.65048521426
1,16,256,1,6,simplex4d_torus_grid,1,2310,29.1940611472
1,16,256,1,6,simplex4d_cached,1,2542,30.6468516424
1,16,256,1,6,perlin2d,1,10589,7.94888120927
1,16,256,1,6,simplex4d_torus_point,1,2011,36.6692177399
1,16,256,1,6,simplex4d_torus_grid,2,2310,30.4729775433
1,16,256,1,6,simplex4d_torus_point,2,2011,36.1496146196
1,16,256,1,6,simplex4d_cached,2,2542,28.158499705
1,16,256,1,6,periodic_perlin2d,2,10221,8.04043146463
1,16,256,1,6,perlin2d,2,10589,7.65110757626
1,16,256,1,6,perlin2d,3,10589,7.39457662433
1,16,256,1,6,periodic_perlin2d,3,10221,6.66118622199
1,16,256,1,6,simplex4d_torus_grid,3,2310,29.2400568182
1,16,256,1,6,simplex4d_cached,3,2542,26.3699535307
1,16,256,1,6,simplex4d_torus_point,3,2011,35.7226659622
1,16,256,1,6,perlin2d,4,10589,7.35340772264
1,16,256,1,6,simplex4d_cached,4,2542,26.2451748131
1,16,256,1,6,periodic_perlin2d,4,10221,6.95798631494
1,16,256,1,6,simplex4d_torus_point,4,2011,34.7180351815
1,16,256,1,6,simplex4d_torus_grid,4,2310,28.2276447511
1,16,256,1,6,simplex4d_torus_grid,5,2310,28.0012175325
1,16,256,1,6,perlin2d,5,10589,7.26505689867
1,16,256,1,6,periodic_perlin2d,5,10221,6.7388449638
1,16,256,1,6,simplex4d_torus_point,5,2011,34.61236636
1,16,256,1,6,simplex4d_cached,5,2542,27.5917707514
1,16,256,1,6,simplex4d_torus_grid,6,2310,28.6304450758
1,16,256,1,6,periodic_perlin2d,6,10221,7.40249853243
1,16,256,1,6,simplex4d_torus_point,6,2011,41.7401557061
1,16,256,1,6,simplex4d_cached,6,2542,28.0644546617
1,16,256,1,6,perlin2d,6,10589,7.51266054396
1,16,256,1,6,simplex4d_torus_grid,7,2310,32.0145089286
1,16,256,1,6,simplex4d_cached,7,2542,26.8842815696
1,16,256,1,6,simplex4d_torus_point,7,2011,41.0162077325
1,16,256,1,6,periodic_perlin2d,7,10221,6.90314365033
1,16,256,1,6,perlin2d,7,10589,8.01033944423
1,16,256,1,6,simplex4d_torus_grid,8,2310,29.8082386364
1,16,256,1,6,simplex4d_torus_point,8,2011,35.9514855793
1,16,256,1,6,simplex4d_cached,8,2542,27.0247344611
1,16,256,1,6,periodic_perlin2d,8,10221,7.14005631787
1,16,256,1,6,perlin2d,8,10589,8.08500419067
1,16,256,1,6,perlin2d,9,10589,8.16704687648
1,16,256,1,6,simplex4d_cached,9,2542,27.3223900964
1,16,256,1,6,periodic_perlin2d,9,10221,6.81061815136
1,16,256,1,6,simplex4d_torus_grid,9,2310,30.8345170455
1,16,256,1,6,simplex4d_torus_point,9,2011,39.3220101939
1,16,256,1,6,periodic_perlin2d,10,10221,6.82319183544
1,16,256,1,6,simplex4d_cached,10,2542,26.8409470889
1,16,256,1,6,simplex4d_torus_grid,10,2310,32.3863636364
1,16,256,1,6,simplex4d_torus_point,10,2011,33.2633406887
1,16,256,1,6,perlin2d,10,10589,6.94419031542
1,16,256,1,6,perlin2d,11,10589,7.39085076494
1,16,256,1,6,simplex4d_torus_grid,11,2310,31.954985119
1,16,256,1,6,simplex4d_cached,11,2542,26.3418322187
1,16,256,1,6,simplex4d_torus_point,11,2011,34.5970210716
1,16,256,1,6,periodic_perlin2d,11,10221,6.55925912337
1,16,256,1,6,simplex4d_torus_point,12,2011,34.1117991671
1,16,256,1,6,simplex4d_torus_grid,12,2310,29.2752299784
1,16,256,1,6,perlin2d,12,10589,7.1426937742
1,16,256,1,6,periodic_perlin2d,12,10221,6.64681629733
1,16,256,1,6,simplex4d_cached,12,2542,26.5333030094
1,16,256,1,6,simplex4d_torus_point,13,2011,35.9829531328
1,16,256,1,6,simplex4d_torus_grid,13,2310,28.131933171
1,16,256,1,6,perlin2d,13,10589,7.14660408207
1,16,256,1,6,simplex4d_cached,13,2542,28.3024869689
1,16,256,1,6,periodic_perlin2d,13,10221,6.49405941199
1,16,256,1,6,periodic_perlin2d,14,10221,6.5802407421
1,16,256,1,6,simplex4d_torus_grid,14,2310,27.1993371212
1,16,256,1,6,simplex4d_torus_point,14,2011,38.6258391348
1,16,256,1,6,simplex4d_cached,14,2542,25.7901627655
1,16,256,1,6,perlin2d,14,10589,7.15394513174
1,16,256,1,6,simplex4d_cached,15,2542,27.2034507769
1,16,256,1,6,perlin2d,15,10589,7.4090004958
1,16,256,1,6,simplex4d_torus_point,15,2011,36.0532695177
1,16,256,1,6,simplex4d_torus_grid,15,2310,30.647659632
1,16,256,1,6,periodic_perlin2d,15,10221,7.58514180364
1,16,256,1,6,simplex4d_cached,16,2542,31.0110456825
1,16,256,1,6,perlin2d,16,10589,7.6389339763
1,16,256,1,6,simplex4d_torus_grid,16,2310,35.5113636364
1,16,256,1,6,simplex4d_torus_point,16,2011,46.0449947166
1,16,256,1,6,periodic_perlin2d,16,10221,8.30340872958
1,16,256,1,6,periodic_perlin2d,17,10221,8.02904253498
1,16,256,1,6,perlin2d,17,10589,8.43582520776
1,16,256,1,6,simplex4d_cached,17,2542,32.2539154701
1,16,256,1,6,simplex4d_torus_grid,17,2310,33.7549039502
1,16,256,1,6,simplex4d_torus_point,17,2011,40.2685619717
1,16,256,1,6,simplex4d_torus_grid,18,2310,32.4978016775
1,16,256,1,6,periodic_perlin2d,18,10221,7.64778091674
1,16,256,1,6,simplex4d_cached,18,2542,29.0677554583
1,16,256,1,6,perlin2d,18,10589,7.71887394938
1,16,256,1,6,simplex4d_torus_point,18,2011,36.5882179264
1,16,256,1,6,simplex4d_torus_grid,19,2310,28.9020224567
1,16,256,1,6,perlin2d,19,10589,7.10506628341
1,16,256,1,6,periodic_perlin2d,19,10221,6.47097580961
1,16,256,1,6,simplex4d_torus_point,19,2011,36.9765119965
1,16,256,1,6,simplex4d_cached,19,2542,27.7440561074
1,16,256,1,6,simplex4d_cached,20,2542,28.6526971873
1,16,256,1,6,simplex4d_torus_grid,20,2310,31.2413758117
1,16,256,1,6,simplex4d_torus_point,20,2011,37.8649847713
1,16,256,1,6,perlin2d,20,10589,8.59441401454
1,16,256,1,6,periodic_perlin2d,20,10221,7.6862281088
1,16,256,1,6,periodic_perlin2d,21,10221,7.29311894629
1,16,256,1,6,simplex4d_cached,21,2542,28.5394435976
1,16,256,1,6,simplex4d_torus_grid,21,2310,31.9289434524
1,16,256,1,6,simplex4d_torus_point,21,2011,34.6894812904
1,16,256,1,6,perlin2d,21,10589,7.35838783171
1,16,256,1,6,simplex4d_cached,22,2542,28.7682558025
1,16,256,1,6,perlin2d,22,10589,7.78306202191
1,16,256,1,6,simplex4d_torus_point,22,2011,36.2092475758
1,16,256,1,6,periodic_perlin2d,22,10221,7.14089711134
1,16,256,1,6,simplex4d_torus_grid,22,2310,28.2366071429
1,16,256,1,6,simplex4d_cached,23,2542,26.8080620574
1,16,256,1,6,simplex4d_torus_point,23,2011,33.9496052959
1,16,256,1,6,periodic_perlin2d,23,10221,6.51771628265
1,16,256,1,6,simplex4d_torus_grid,23,2310,27.9985119048
1,16,256,1,6,perlin2d,23,10589,7.23930789026
1,16,256,1,6,perlin2d,24,10589,7.27221349986
1,16,256,1,6,periodic_perlin2d,24,10221,6.53873611926
1,16,256,1,6,simplex4d_torus_grid,24,2310,28.8482481061
1,16,256,1,6,simplex4d_torus_point,24,2011,33.661735455
1,16,256,1,6,simplex4d_cached,24,2542,28.2722142998
1,16,256,1,6,simplex4d_torus_point,25,2011,35.3567099702
1,16,256,1,6,simplex4d_cached,25,2542,27.8791306058
1,16,256,1,6,simplex4d_torus_grid,25,2310,28.981838474
1,16,256,1,6,periodic_perlin2d,25,10221,6.85506555132
1,16,256,1,6,perlin2d,25,10589,7.9521275026
1,16,256,1,6,simplex4d_torus_point,26,2011,38.0677756713
1,16,256,1,6,perlin2d,26,10589,7.49956470158
1,16,256,1,6,simplex4d_cached,26,2542,25.6936590283
1,16,256,1,6,simplex4d_torus_grid,26,2310,29.1456980519
1,16,256,1,6,periodic_perlin2d,26,10221,6.41884661481
1,16,256,1,6,perlin2d,27,10589,7.3995936231
1,16,256,1,6,periodic_perlin2d,27,10221,6.92294051463
1,16,256,1,6,simplex4d_torus_grid,27,2310,28.204985119
1,16,256,1,6,simplex4d_torus_point,27,2011,34.0834395201
1,16,256,1,6,simplex4d_cached,27,2542,25.9567392801
1,16,256,1,6,simplex4d_torus_grid,28,2310,27.8114853896
1,16,256,1,6,periodic_perlin2d,28,10221,6.69810469866
1,16,256,1,6,perlin2d,28,10589,7.62163270847
1,16,256,1,6,simplex4d_cached,28,2542,28.0527758655
1,16,256,1,6,simplex4d_torus_point,28,2011,45.4710032322
1,16,256,1,6,periodic_perlin2d,29,10221,7.29953955092
1,16,256,1,6,perlin2d,29,10589,7.26210572292
1,16,256,1,6,simplex4d_torus_point,29,2011,33.8750155395
1,16,256,1,6,simplex4d_torus_grid,29,2310,29.4289434524
1,16,256,1,6,simplex4d_cached,29,2542,25.9730281275
1,16,256,1,6,periodic_perlin2d,30,10221,6.90199711379
1,16,256,1,6,simplex4d_torus_grid,30,2310,27.3716517857
1,16,256,1,6,perlin2d,30,10589,7.33677046935
1,16,256,1,6,simplex4d_torus_point,30,2011,33.7623539284
1,16,256,1,6,simplex4d_cached,30,2542,27.7047170043
1,256,65536,512,1,perlin2d,0,288,1.12677150302
1,256,65536,512,1,periodic_perlin2d,0,201,1.24750849026
1,256,65536,512,1,simplex4d_torus_point,0,13,19.9820885291
1,256,65536,512,1,simplex4d_torus_grid,0,49,6.68973338847
1,256,65536,512,1,simplex4d_cached,0,67,4.30272799819
1,256,65536,512,1,periodic_perlin2d,1,201,1.20970313229
1,256,65536,512,1,simplex4d_torus_point,1,13,21.6776921199
1,256,65536,512,1,simplex4d_torus_grid,1,49,5.95606589804
1,256,65536,512,1,simplex4d_cached,1,67,4.47280656046
1,256,65536,512,1,perlin2d,1,288,1.13381809658
1,256,65536,512,1,simplex4d_cached,2,67,4.28701372289
1,256,65536,512,1,simplex4d_torus_grid,2,49,7.36186747648
1,256,65536,512,1,simplex4d_torus_point,2,13,22.6713914138
1,256,65536,512,1,periodic_perlin2d,2,201,1.30949257618
1,256,65536,512,1,perlin2d,2,288,1.23424530029
1,256,65536,512,1,simplex4d_torus_point,3,13,25.5619929387
1,256,65536,512,1,simplex4d_torus_grid,3,49,6.95962711256
1,256,65536,512,1,perlin2d,3,288,1.30220519172
1,256,65536,512,1,simplex4d_cached,3,67,5.1954582556
1,256,65536,512,1,periodic_perlin2d,3,201,1.35290800635
1,256,65536,512,1,simplex4d_torus_point,4,13,21.4722853441
1,256,65536,512,1,perlin2d,4,288,1.15866131253
1,256,65536,512,1,simplex4d_torus_grid,4,49,5.97141810826
1,256,65536,512,1,periodic_perlin2d,4,201,1.28583006598
1,256,65536,512,1,simplex4d_cached,4,67,4.47057467788
1,256,65536,512,1,simplex4d_torus_point,5,13,22.0063429612
1,256,65536,512,1,perlin2d,5,288,1.36951870388
1,256,65536,512,1,periodic_perlin2d,5,201,1.44927371201
1,256,65536,512,1,simplex4d_cached,5,67,5.0060215281
1,256,65536,512,1,simplex4d_torus_grid,5,49,6.6373241191
1,256,65536,512,1,simplex4d_torus_grid,6,49,7.39876883371
1,256,65536,512,1,perlin2d,6,288,1.53142611186
1,256,65536,512,1,simplex4d_cached,6,67,5.9034660681
1,256,65536,512,1,periodic_perlin2d,6,201,1.65623906833
1,256,65536,512,1,simplex4d_torus_point,6,13,28.3051710862
1,256,65536,512,1,simplex4d_cached,7,67,5.1880793785
1,256,65536,512,1,perlin2d,7,288,1.26741727193
1,256,65536,512,1,simplex4d_torus_grid,7,49,6.80984185666
1,256,65536,512,1,simplex4d_torus_point,7,13,24.367581881
1,256,65536,512,1,periodic_perlin2d,7,201,1.43210188073
1,256,65536,512,1,perlin2d,8,288,1.16875436571
1,256,65536,512,1,simplex4d_cached,8,67,4.84696573286
1,256,65536,512,1,periodic_perlin2d,8,201,1.20957407785
1,256,65536,512,1,simplex4d_torus_grid,8,49,5.67384058115
1,256,65536,512,1,simplex4d_torus_point,8,13,21.4133629432
1,256,65536,512,1,simplex4d_cached,9,67,4.56454148933
1,256,65536,512,1,periodic_perlin2d,9,201,1.25665617226
1,256,65536,512,1,perlin2d,9,288,1.16119914585
1,256,65536,512,1,simplex4d_torus_grid,9,49,6.19397844587
1,256,65536,512,1,simplex4d_torus_point,9,13,23.829298753
1,256,65536,512,1,simplex4d_torus_grid,10,49,6.15776217714
1,256,65536,512,1,simplex4d_torus_point,10,13,19.91013747
1,256,65536,512,1,simplex4d_cached,10,67,4.3602786847
1,256,65536,512,1,periodic_perlin2d,10,201,1.20488256957
1,256,65536,512,1,perlin2d,10,288,1.11484527588
1,256,65536,512,1,simplex4d_torus_point,11,13,21.4439978966
1,256,65536,512,1,simplex4d_cached,11,67,4.57902595178
1,256,65536,512,1,perlin2d,11,288,1.12082693312
1,256,65536,512,1,simplex4d_torus_grid,11,49,6.31981674506
1,256,65536,512,1,periodic_perlin2d,11,201,1.3147003022
1,256,65536,512,1,simplex4d_torus_grid,12,49,6.33404790139
1,256,65536,512,1,simplex4d_cached,12,67,4.62867395202
1,256,65536,512,1,periodic_perlin2d,12,201,1.35367474153
1,256,65536,512,1,perlin2d,12,288,1.14416016473
1,256,65536,512,1,simplex4d_torus_point,12,13,21.3044386644
1,256,65536,512,1,simplex4d_cached,13,67,4.60845036293
1,256,65536,512,1,periodic_perlin2d,13,201,1.29848499203
1,256,65536,512,1,perlin2d,13,288,1.14164352417
1,256,65536,512,1,simplex4d_torus_point,13,13,22.9331383338
1,256,65536,512,1,simplex4d_torus_grid,13,49,6.11631432358
1,256,65536,512,1,simplex4d_torus_point,14,13,21.4795626127
1,256,65536,512,1,simplex4d_torus_grid,14,49,6.49607132892
1,256,65536,512,1,periodic_perlin2d,14,201,1.40148561392
1,256,65536,512,1,simplex4d_cached,14,67,4.62666981256
1,256,65536,512,1,perlin2d,14,288,1.19220415751
1,256,65536,512,1,periodic_perlin2d,15,201,1.32415923313
1,256,65536,512,1,perlin2d,15,288,1.17083125644
1,256,65536,512,1,simplex4d_torus_point,15,13,22.0066950871
1,256,65536,512,1,simplex4d_cached,15,67,5.03337347685
1,256,65536,512,1,simplex4d_torus_grid,15,49,6.19021045918
1,256,65536,512,1,simplex4d_torus_point,16,13,23.8034761869
1,256,65536,512,1,simplex4d_torus_grid,16,49,7.17194226323
1,256,65536,512,1,simplex4d_cached,16,67,4.67918737611
1,256,65536,512,1,periodic_perlin2d,16,201,1.22433183205
1,256,65536,512,1,perlin2d,16,288,1.14301045736
1,256,65536,512,1,simplex4d_torus_point,17,13,19.935138409
1,256,65536,512,1,simplex4d_torus_grid,17,49,5.69046954719
1,256,65536,512,1,perlin2d,17,288,1.10980139838
1,256,65536,512,1,periodic_perlin2d,17,201,1.29786249417
1,256,65536,512,1,simplex4d_cached,17,67,5.09500076522
1,256,65536,512,1,simplex4d_torus_point,18,13,24.704683744
1,256,65536,512,1,periodic_perlin2d,18,201,1.35610400148
1,256,65536,512,1,simplex4d_torus_grid,18,49,5.97241460061
1,256,65536,512,1,perlin2d,18,288,1.34678416782
1,256,65536,512,1,simplex4d_cached,18,67,5.1195742479
1,256,65536,512,1,simplex4d_torus_point,19,13,23.8213172326
1,256,65536,512,1,simplex4d_torus_grid,19,49,6.35207818479
1,256,65536,512,1,simplex4d_cached,19,67,4.70596996706
1,256,65536,512,1,periodic_perlin2d,19,201,1.38648493373
1,256,65536,512,1,perlin2d,19,288,1.13566186693
1,256,65536,512,1,perlin2d,20,288,1.21463139852
1,256,65536,512,1,periodic_perlin2d,20,201,1.28718893326
1,256,65536,512,1,simplex4d_torus_point,20,13,21.08201247
1,256,65536,512,1,simplex4d_torus_grid,20,49,6.02781334702
1,256,65536,512,1,simplex4d_cached,20,67,4.43315648321
1,256,65536,512,1,simplex4d_cached,21,67,4.41434490147
1,256,65536,512,1,periodic_perlin2d,21,201,1.29611646358
1,256,65536,512,1,perlin2d,21,288,1.36862330967
1,256,65536,512,1,simplex4d_torus_point,21,13,24.4930560772
1,256,65536,512,1,simplex4d_torus_grid,21,49,6.29406364597
1,256,65536,512,1,periodic_perlin2d,22,201,1.37870371045
1,256,65536,512,1,simplex4d_torus_grid,22,49,6.75771285077
1,256,65536,512,1,simplex4d_torus_point,22,13,21.2340134841
1,256,65536,512,1,simplex4d_cached,22,67,4.58847729128
1,256,65536,512,1,perlin2d,22,288,1.55917803446
1,256,65536,512,1,simplex4d_torus_grid,23,49,9.09563959861
1,256,65536,512,1,simplex4d_torus_point,23,13,27.3673424354
1,256,65536,512,1,perlin2d,23,288,2.31839815776
1,256,65536,512,1,periodic_perlin2d,23,201,1.71988567903
1,256,65536,512,1,simplex4d_cached,23,67,5.62468571449
1,256,65536,512,1,simplex4d_cached,24,67,5.69298587628
1,256,65536,512,1,simplex4d_torus_grid,24,49,11.8521865533
1,256,65536,512,1,perlin2d,24,288,1.81308852302
1,256,65536,512,1,simplex4d_torus_point,24,13,23.3887892503
1,256,65536,512,1,periodic_perlin2d,24,201,1.33547047477
1,256,65536,512,1,periodic_perlin2d,25,201,1.56504313151
1,256,65536,512,1,simplex4d_torus_point,25,13,33.3807138296
1,256,65536,512,1,simplex4d_torus_grid,25,49,8.60343466
1,256,65536,512,1,perlin2d,25,288,1.47010485331
1,256,65536,512,1,simplex4d_cached,25,67,5.12390136719
1,256,65536,512,1,perlin2d,26,288,1.27897792392
1,256,65536,512,1,simplex4d_torus_point,26,13,23.6691988431
1,256,65536,512,1,simplex4d_torus_grid,26,49,6.81301817602
1,256,65536,512,1,simplex4d_cached,26,67,4.92159715339
1,256,65536,512,1,periodic_perlin2d,26,201,1.37574304989
1,256,65536,512,1,simplex4d_torus_point,27,13,22.5878201998
1,256,65536,512,1,periodic_perlin2d,27,201,1.31579346918
1,256,65536,512,1,simplex4d_torus_grid,27,49,6.63928596341
1,256,65536,512,1,simplex4d_cached,27,67,4.57080442514
1,256,65536,512,1,perlin2d,27,288,1.16740862528
1,256,65536,512,1,perlin2d,28,288,1.13711357117
1,256,65536,512,1,simplex4d_torus_grid,28,49,6.35861766582
1,256,65536,512,1,periodic_perlin2d,28,201,1.33703431087
1,256,65536,512,1,simplex4d_cached,28,67,6.40420486678
1,256,65536,512,1,simplex4d_torus_point,28,13,27.7495164138
1,256,65536,512,1,simplex4d_torus_grid,29,49,8.05430509606
1,256,65536,512,1,simplex4d_torus_point,29,13,25.8337167593
1,256,65536,512,1,perlin2d,29,288,1.80418226454
1,256,65536,512,1,periodic_perlin2d,29,201,1.58397617625
1,256,65536,512,1,simplex4d_cached,29,67,12.7198859827
1,256,65536,512,1,perlin2d,30,288,1.48594114516
1,256,65536,512,1,simplex4d_cached,30,67,5.61530269794
1,256,65536,512,1,simplex4d_torus_grid,30,49,7.10555096062
1,256,65536,512,1,simplex4d_torus_point,30,13,22.0874492939
1,256,65536,512,1,periodic_perlin2d,30,201,1.47092449131
1,256,65536,512,6,periodic_perlin2d,0,39,7.15202918419
1,256,65536,512,6,simplex4d_torus_point,0,4,49.8439788818
1,256,65536,512,6,simplex4d_torus_grid,0,4,29.7355651855
1,256,65536,512,6,simplex4d_cached,0,2,29.4174194336
1,256,65536,512,6,perlin2d,0,28,7.70661490304
1,256,65536,512,6,simplex4d_torus_point,1,4,45.3384399414
1,256,65536,512,6,perlin2d,1,28,7.95620509556
1,256,65536,512,6,periodic_perlin2d,1,39,6.7373422476
1,256,65536,512,6,simplex4d_cached,1,2,26.976776123
1,256,65536,512,6,simplex4d_torus_grid,1,4,27.5772094727
1,256,65536,512,6,periodic_perlin2d,2,39,6.67270758213
1,256,65536,512,6,simplex4d_torus_grid,2,4,27.4932861328
1,256,65536,512,6,perlin2d,2,28,7.19244820731
1,256,65536,512,6,simplex4d_torus_point,2,4,46.1296081543
1,256,65536,512,6,simplex4d_cached,2,2,25.7141113281
1,256,65536,512,6,periodic_perlin2d,3,39,6.80275941506
1,256,65536,512,6,simplex4d_torus_grid,3,4,27.2785186768
1,256,65536,512,6,simplex4d_torus_point,3,4,45.1538085938
1,256,65536,512,6,simplex4d_cached,3,2,28.7879943848
1,256,65536,512,6,perlin2d,3,28,7.22318376814
1,256,65536,512,6,perlin2d,4,28,7.42024012974
1,256,65536,512,6,periodic_perlin2d,4,39,6.75197503506
1,256,65536,512,6,simplex4d_cached,4,2,27.5802612305
1,256,65536,512,6,simplex4d_torus_point,4,4,41.8090820312
1,256,65536,512,6,simplex4d_torus_grid,4,4,32.1796417236
1,256,65536,512,6,simplex4d_torus_grid,5,4,33.7963104248
1,256,65536,512,6,perlin2d,5,28,8.160672869
1,256,65536,512,6,simplex4d_cached,5,2,29.7500610352
1,256,65536,512,6,simplex4d_torus_point,5,4,47.2381591797
1,256,65536,512,6,periodic_perlin2d,5,39,8.38149633163
1,256,65536,512,6,simplex4d_cached,6,2,27.6679992676
1,256,65536,512,6,simplex4d_torus_grid,6,4,31.3529968262
1,256,65536,512,6,perlin2d,6,28,10.1708003453
1,256,65536,512,6,simplex4d_torus_point,6,4,53.7982940674
1,256,65536,512,6,periodic_perlin2d,6,39,9.81773963341
1,256,65536,512,6,perlin2d,7,28,10.1590292794
1,256,65536,512,6,periodic_perlin2d,7,39,9.45951021635
1,256,65536,512,6,simplex4d_cached,7,2,30.4077148438
1,256,65536,512,6,simplex4d_torus_grid,7,4,31.0096740723
1,256,65536,512,6,simplex4d_torus_point,7,4,58.6730957031
1,256,65536,512,6,simplex4d_torus_grid,8,4,37.047958374
1,256,65536,512,6,simplex4d_torus_point,8,4,69.506072998
1,256,65536,512,6,periodic_perlin2d,8,39,7.38920554137
1,256,65536,512,6,simplex4d_cached,8,2,27.9769897461
1,256,65536,512,6,perlin2d,8,28,11.0260554722
1,256,65536,512,6,simplex4d_torus_grid,9,4,61.1850738525
1,256,65536,512,6,simplex4d_torus_point,9,4,118.816757202
1,256,65536,512,6,perlin2d,9,28,8.66285051618
1,256,65536,512,6,simplex4d_cached,9,2,28.5095214844
1,256,65536,512,6,periodic_perlin2d,9,39,7.14353903746
1,256,65536,512,6,perlin2d,10,28,7.73549761091
1,256,65536,512,6,simplex4d_torus_point,10,4,46.5484619141
1,256,65536,512,6,periodic_perlin2d,10,39,7.23978678385
1,256,65536,512,6,simplex4d_torus_grid,10,4,29.6974182129
1,256,65536,512,6,simplex4d_cached,10,2,27.5207519531
1,256,65536,512,6,simplex4d_torus_point,11,4,46.0849761963
1,256,65536,512,6,periodic_perlin2d,11,39,7.22891000601
1,256,65536,512,6,perlin2d,11,28,7.77587890625
1,256,65536,512,6,simplex4d_torus_grid,11,4,30.2749633789
1,256,65536,512,6,simplex4d_cached,11,2,28.443145752
1,256,65536,512,6,perlin2d,12,28,7.952608381
1,256,65536,512,6,simplex4d_cached,12,2,28.6781311035
1,256,65536,512,6,simplex4d_torus_grid,12,4,30.2421569824
1,256,65536,512,6,simplex4d_torus_point,12,4,46.6667175293
1,256,65536,512,6,periodic_perlin2d,12,39,7.22308036609
1,256,65536,512,6,simplex4d_torus_point,13,4,45.5509185791
1,256,65536,512,6,periodic_perlin2d,13,39,7.35238882212
1,256,65536,512,6,perlin2d,13,28,7.90857587542
1,256,65536,512,6,simplex4d_cached,13,2,29.8828125
1,256,65536,512,6,simplex4d_torus_grid,13,4,30.534362793
1,256,65536,512,6,simplex4d_torus_grid,14,4,30.574798584
1,256,65536,512,6,perlin2d,14,28,7.82901218959
1,256,65536,512,6,periodic_perlin2d,14,39,6.94838303786
1,256,65536,512,6,simplex4d_torus_point,14,4,41.2910461426
1,256,65536,512,6,simplex4d_cached,14,2,26.8630981445
1,256,65536,512,6,simplex4d_cached,15,2,24.6849060059
1,256,65536,512,6,simplex4d_torus_point,15,4,43.0419921875
1,256,65536,512,6,perlin2d,15,28,7.51059395926
1,256,65536,512,6,simplex4d_torus_grid,15,4,28.2810211182
1,256,65536,512,6,periodic_perlin2d,15,39,6.56120104667
1,256,65536,512,6,periodic_perlin2d,16,39,6.54582488231
1,256,65536,512,6,simplex4d_torus_grid,16,4,27.677154541
1,256,65536,512,6,simplex4d_cached,16,2,24.9031066895
1,256,65536,512,6,perlin2d,16,28,7.07517351423
1,256,65536,512,6,simplex4d_torus_point,16,4,44.766998291
1,256,65536,512,6,simplex4d_cached,17,2,25.5859375
1,256,65536,512,6,simplex4d_torus_grid,17,4,33.1119537354
1,256,65536,512,6,perlin2d,17,28,7.72263663156
1,256,65536,512,6,periodic_perlin2d,17,39,7.42692213792
1,256,65536,512,6,simplex4d_torus_point,17,4,47.8080749512
1,256,65536,512,6,simplex4d_cached,18,2,31.2370300293
1,256,65536,512,6,simplex4d_torus_point,18,4,47.1035003662
1,256,65536,512,6,perlin2d,18,28,7.86628723145
1,256,65536,512,6,periodic_perlin2d,18,39,7.13477501502
1,256,65536,512,6,simplex4d_torus_grid,18,4,30.4176330566
1,256,65536,512,6,simplex4d_torus_grid,19,4,31.4529418945
1,256,65536,512,6,perlin2d,19,28,8.01380702427
1,256,65536,512,6,simplex4d_cached,19,2,27.2773742676
1,256,65536,512,6,periodic_perlin2d,19,39,7.7637892503
1,256,65536,512,6,simplex4d_torus_point,19,4,54.3384552002
1,256,65536,512,6,simplex4d_torus_point,20,4,46.0678100586
1,256,65536,512,6,perlin2d,20,28,7.67931256975
1,256,65536,512,6,simplex4d_cached,20,2,27.1812438965
1,256,65536,512,6,simplex4d_torus_grid,20,4,30.5755615234
1,256,65536,512,6,periodic_perlin2d,20,39,7.11677746895
1,256,65536,512,6,simplex4d_torus_point,21,4,44.9169158936
1,256,65536,512,6,simplex4d_torus_grid,21,4,27.9773712158
1,256,65536,512,6,perlin2d,21,28,7.10002354213
1,256,65536,512,6,simplex4d_cached,21,2,24.8344421387
1,256,65536,512,6,periodic_perlin2d,21,39,6.67544633914
1,256,65536,512,6,simplex4d_cached,22,2,24.7871398926
1,256,65536,512,6,simplex4d_torus_point,22,4,41.7415618896
1,256,65536,512,6,periodic_perlin2d,22,39,6.43373147035
1,256,65536,512,6,simplex4d_torus_grid,22,4,34.3223571777
1,256,65536,512,6,perlin2d,22,28,6.98296683175
1,256,65536,512,6,simplex4d_cached,23,2,27.4963378906
1,256,65536,512,6,perlin2d,23,28,7.08460126604
1,256,65536,512,6,simplex4d_torus_point,23,4,41.1754608154
1,256,65536,512,6,simplex4d_torus_grid,23,4,27.806854248
1,256,65536,512,6,periodic_perlin2d,23,39,6.87263684395
1,256,65536,512,6,perlin2d,24,28,7.71413530622
1,256,65536,512,6,simplex4d_cached,24,2,29.305267334
1,256,65536,512,6,periodic_perlin2d,24,39,7.130080003
1,256,65536,512,6,simplex4d_torus_point,24,4,47.4006652832
1,256,65536,512,6,simplex4d_torus_grid,24,4,29.7199249268
1,256,65536,512,6,simplex4d_cached,25,2,28.742980957
1,256,65536,512,6,simplex4d_torus_point,25,4,44.8059082031
1,256,65536,512,6,periodic_perlin2d,25,39,7.14475191556
1,256,65536,512,6,perlin2d,25,28,7.71408081055
1,256,65536,512,6,simplex4d_torus_grid,25,4,29.553604126
1,256,65536,512,6,simplex4d_torus_point,26,4,41.7720794678
1,256,65536,512,6,perlin2d,26,28,7.17391967773
1,256,65536,512,6,simplex4d_torus_grid,26,4,27.3349761963
1,256,65536,512,6,simplex4d_cached,26,2,25.4104614258
1,256,65536,512,6,periodic_perlin2d,26,39,6.48784148387
1,256,65536,512,6,simplex4d_cached,27,2,27.1049499512
1,256,65536,512,6,perlin2d,27,28,7.03342982701
1,256,65536,512,6,simplex4d_torus_point,27,4,41.223526001
1,256,65536,512,6,simplex4d_torus_grid,27,4,27.7801513672
1,256,65536,512,6,periodic_perlin2d,27,39,6.96516770583
1,256,65536,512,6,simplex4d_torus_point,28,4,44.8295593262
1,256,65536,512,6,simplex4d_cached,28,2,24.813079834
1,256,65536,512,6,periodic_perlin2d,28,39,7.07064897586
1,256,65536,512,6,perlin2d,28,28,7.06612723214
1,256,65536,512,6,simplex4d_torus_grid,28,4,29.2304992676
1,256,65536,512,6,simplex4d_cached,29,2,25.170135498
1,256,65536,512,6,simplex4d_torus_grid,29,4,27.0664215088
1,256,65536,512,6,periodic_perlin2d,29,39,6.55916654147
1,256,65536,512,6,simplex4d_torus_point,29,4,40.9969329834
1,256,65536,512,6,perlin2d,29,28,6.98231288365
1,256,65536,512,6,simplex4d_cached,30,2,27.108001709
1,256,65536,512,6,perlin2d,30,28,6.89779009138
1,256,65536,512,6,simplex4d_torus_grid,30,4,28.1234741211
1,256,65536,512,6,simplex4d_torus_point,30,4,46.3443756104
1,256,65536,512,6,periodic_perlin2d,30,39,6.68769249549
2,5,25,4,1,simplex4d_torus_grid,0,88557,8.47119934054
2,5,25,4,1,simplex4d_torus_point,0,61814,14.3919500437
2,5,25,4,1,perlin2d,0,404511,1.85557376684
2,5,25,4,1,periodic_perlin2d,0,370150,2.00744563015
2,5,25,4,1,simplex4d_cached,0,131282,5.81609055316
2,5,25,4,1,simplex4d_cached,1,131282,6.02166328971
2,5,25,4,1,periodic_perlin2d,1,370150,2.2796379846
2,5,25,4,1,simplex4d_torus_grid,1,88557,9.08770622311
2,5,25,4,1,perlin2d,1,404511,1.87338292407
2,5,25,4,1,simplex4d_torus_point,1,61814,13.274468567
2,5,25,4,1,simplex4d_torus_grid,2,88557,8.52246575652
2,5,25,4,1,simplex4d_cached,2,131282,5.82919212078
2,5,25,4,1,simplex4d_torus_point,2,61814,14.1294205196
2,5,25,4,1,periodic_perlin2d,2,370150,2.02305011482
2,5,25,4,1,perlin2d,2,404511,2.12895075783
2,5,25,4,1,simplex4d_cached,3,131282,5.64519126765
2,5,25,4,1,perlin2d,3,404511,1.9156265219
2,5,25,4,1,simplex4d_torus_grid,3,88557,8.58633422541
2,5,25,4,1,periodic_perlin2d,3,370150,2.17452384169
2,5,25,4,1,simplex4d_torus_point,3,61814,13.9742453166
2,5,25,4,1,periodic_perlin2d,4,370150,2.06327164663
2,5,25,4,1,perlin2d,4,404511,1.86018179975
2,5,25,4,1,simplex4d_cached,4,131282,6.06712268247
2,5,25,4,1,simplex4d_torus_grid,4,88557,8.87993044028
2,5,25,4,1,simplex4d_torus_point,4,61814,13.6983207688
2,5,25,4,1,simplex4d_cached,5,131282,6.05764689752
2,5,25,4,1,simplex4d_torus_point,5,61814,14.1178373831
2,5,25,4,1,simplex4d_torus_grid,5,88557,9.23089083867
2,5,25,4,1,perlin2d,5,404511,1.89578033725
2,5,25,4,1,periodic_perlin2d,5,370150,2.06805889504
2,5,25,4,1,periodic_perlin2d,6,370150,2.00846143455
2,5,25,4,1,simplex4d_cached,6,131282,5.9237062202
2,5,25,4,1,simplex4d_torus_grid,6,88557,8.64555032352
2,5,25,4,1,perlin2d,6,404511,1.9006454707
2,5,25,4,1,simplex4d_torus_point,6,61814,14.6249716893
2,5,25,4,1,simplex4d_cached,7,131282,5.92394997029
2,5,25,4,1,periodic_perlin2d,7,370150,1.98457922464
2,5,25,4,1,simplex4d_torus_grid,7,88557,8.39228971171
2,5,25,4,1,simplex4d_torus_point,7,61814,13.0926327369
2,5,25,4,1,perlin2d,7,404511,1.87938523303
2,5,25,4,1,simplex4d_torus_grid,8,88557,8.59509694321
2,5,25,4,1,simplex4d_torus_point,8,61814,14.2968259618
2,5,25,4,1,perlin2d,8,404511,1.94448111423
2,5,25,4,1,periodic_perlin2d,8,370150,2.14239632581
2,5,25,4,1,simplex4d_cached,8,131282,6.0903703478
2,5,25,4,1,simplex4d_torus_point,9,61814,13.5118258
2,5,25,4,1,perlin2d,9,404511,1.90000271933
2,5,25,4,1,simplex4d_cached,9,131282,5.90411480629
2,5,25,4,1,simplex4d_torus_grid,9,88557,8.48985399234
2,5,25,4,1,periodic_perlin2d,9,370150,2.07039308388
2,5,25,4,1,simplex4d_torus_grid,10,88557,9.01055817157
2,5,25,4,1,simplex4d_cached,10,131282,6.03546563885
2,5,25,4,1,periodic_perlin2d,10,370150,2.0699284074
2,5,25,4,1,simplex4d_torus_point,10,61814,13.8604199696
2,5,25,4,1,perlin2d,10,404511,1.94521286195
2,5,25,4,1,simplex4d_cached,11,131282,5.79177648116
2,5,25,4,1,simplex4d_torus_grid,11,88557,8.93824316542
2,5,25,4,1,perlin2d,11,404511,1.90374056577
2,5,25,4,1,periodic_perlin2d,11,370150,2.05612859651
2,5,25,4,1,simplex4d_torus_point,11,61814,13.5292328599
2,5,25,4,1,simplex4d_torus_point,12,61814,13.4364383473
2,5,25,4,1,perlin2d,12,404511,1.84698067543
2,5,25,4,1,simplex4d_cached,12,131282,6.00716015905
2,5,25,4,1,simplex4d_torus_grid,12,88557,8.86276635387
2,5,25,4,1,periodic_perlin2d,12,370150,2.12115088478
2,5,25,4,1,simplex4d_torus_grid,13,88557,8.93341012004
2,5,25,4,1,simplex4d_torus_point,13,61814,13.5280680752
2,5,25,4,1,simplex4d_cached,13,131282,6.15703599884
2,5,25,4,1,perlin2d,13,404511,1.8710887961
2,5,25,4,1,periodic_perlin2d,13,370150,2.05326489261
2,5,25,4,1,simplex4d_torus_grid,14,88557,8.6490734781
2,5,25,4,1,simplex4d_torus_point,14,61814,13.2910991038
2,5,25,4,1,simplex4d_cached,14,131282,6.03168751238
2,5,25,4,1,periodic_perlin2d,14,370150,2.14703228421
2,5,25,4,1,perlin2d,14,404511,1.85386305935
2,5,25,4,1,simplex4d_torus_point,15,61814,13.3435791245
2,5,25,4,1,simplex4d_torus_grid,15,88557,8.77410029698
2,5,25,4,1,simplex4d_cached,15,131282,6.07163205923
2,5,25,4,1,periodic_perlin2d,15,370150,2.1153262191
2,5,25,4,1,perlin2d,15,404511,1.83277092588
2,5,25,4,1,simplex4d_torus_grid,16,88557,8.78593448288
2,5,25,4,1,simplex4d_torus_point,16,61814,13.7893033941
2,5,25,4,1,periodic_perlin2d,16,370150,2.05521004998
2,5,25,4,1,perlin2d,16,404511,1.89331810507
2,5,25,4,1,simplex4d_cached,16,131282,5.86913666763
2,5,25,4,1,perlin2d,17,404511,1.92561388936
2,5,25,4,1,simplex4d_torus_point,17,61814,13.2509787427
2,5,25,4,1,periodic_perlin2d,17,370150,2.01756044847
2,5,25,4,1,simplex4d_torus_grid,17,88557,8.39070880902
2,5,25,4,1,simplex4d_cached,17,131282,5.71118660593
2,5,25,4,1,perlin2d,18,404511,1.86910121109
2,5,25,4,1,periodic_perlin2d,18,370150,2.29073618803
2,5,25,4,1,simplex4d_torus_point,18,61814,13.7101627463
2,5,25,4,1,simplex4d_cached,18,131282,6.05935314818
2,5,25,4,1,simplex4d_torus_grid,18,88557,9.15487200334
2,5,25,4,1,simplex4d_cached,19,131282,6.73990341402
2,5,25,4,1,simplex4d_torus_point,19,61814,13.6293396318
2,5,25,4,1,simplex4d_torus_grid,19,88557,8.79424551419
2,5,25,4,1,periodic_perlin2d,19,370150,4.57095771984
2,5,25,4,1,perlin2d,19,404511,2.15252490044
2,5,25,4,1,simplex4d_torus_point,20,61814,13.5604879154
2,5,25,4,1,simplex4d_torus_grid,20,88557,8.53822961482
2,5,25,4,1,periodic_perlin2d,20,370150,2.05352424693
2,5,25,4,1,simplex4d_cached,20,131282,5.7139287945
2,5,25,4,1,perlin2d,20,404511,1.85339830066
2,5,25,4,1,simplex4d_torus_grid,21,88557,8.63529704032
2,5,25,4,1,simplex4d_cached,21,131282,5.72617723679
2,5,25,4,1,periodic_perlin2d,21,370150,1.97182763744
2,5,25,4,1,simplex4d_torus_point,21,61814,13.6300514447
2,5,25,4,1,perlin2d,21,404511,1.97564961151
2,5,25,4,1,simplex4d_cached,22,131282,6.16035709389
2,5,25,4,1,simplex4d_torus_grid,22,88557,8.82870919295
2,5,25,4,1,periodic_perlin2d,22,370150,3.38123463461
2,5,25,4,1,simplex4d_torus_point,22,61814,19.1632316304
2,5,25,4,1,perlin2d,22,404511,1.84200676867
2,5,25,4,1,periodic_perlin2d,23,370150,1.98494664325
2,5,25,4,1,simplex4d_cached,23,131282,5.68879206593
2,5,25,4,1,perlin2d,23,404511,1.86082455112
2,5,25,4,1,simplex4d_torus_grid,23,88557,8.66619239586
2,5,25,4,1,simplex4d_torus_point,23,61814,13.723298929
2,5,25,4,1,simplex4d_cached,24,131282,6.03580079523
2,5,25,4,1,periodic_perlin2d,24,370150,2.08556531136
2,5,25,4,1,perlin2d,24,404511,1.9036120155
2,5,25,4,1,simplex4d_torus_point,24,61814,13.5390041091
2,5,25,4,1,simplex4d_torus_grid,24,88557,8.53962984293
2,5,25,4,1,simplex4d_cached,25,131282,5.95533279505
2,5,25,4,1,simplex4d_torus_grid,25,88557,8.66334677101
2,5,25,4,1,simplex4d_torus_point,25,61814,13.8899925583
2,5,25,4,1,periodic_perlin2d,25,370150,2.08242064028
2,5,25,4,1,perlin2d,25,404511,1.92578199357
2,5,25,4,1,simplex4d_cached,26,131282,5.80819914383
2,5,25,4,1,simplex4d_torus_grid,26,88557,8.68990593629
2,5,25,4,1,simplex4d_torus_point,26,61814,13.33749636
2,5,25,4,1,perlin2d,26,404511,1.95129427877
2,5,25,4,1,periodic_perlin2d,26,370150,2.0905794948
2,5,25,4,1,perlin2d,27,404511,1.87544961694
2,5,25,4,1,periodic_perlin2d,27,370150,2.04299878428
2,5,25,4,1,simplex4d_torus_point,27,61814,13.4837415472
2,5,25,4,1,simplex4d_torus_grid,27,88557,8.49129938909
2,5,25,4,1,simplex4d_cached,27,131282,6.08299690742
2,5,25,4,1,periodic_perlin2d,28,370150,2.05398892341
2,5,25,4,1,simplex4d_cached,28,131282,6.10505629104
2,5,25,4,1,perlin2d,28,404511,1.93046913434
2,5,25,4,1,simplex4d_torus_grid,28,88557,8.76913174566
2,5,25,4,1,simplex4d_torus_point,28,61814,25.9541204258
2,5,25,4,1,periodic_perlin2d,29,370150,2.2750344455
2,5,25,4,1,simplex4d_torus_point,29,61814,13.1350179571
2,5,25,4,1,perlin2d,29,404511,1.85863919646
2,5,25,4,1,simplex4d_cached,29,131282,5.69890769489
2,5,25,4,1,simplex4d_torus_grid,29,88557,8.48917646262
2,5,25,4,1,simplex4d_torus_grid,30,88557,8.9026954391
2,5,25,4,1,perlin2d,30,404511,1.86614455478
2,5,25,4,1,simplex4d_cached,30,131282,5.76554287717
2,5,25,4,1,periodic_perlin2d,30,370150,2.01700932055
2,5,25,4,1,simplex4d_torus_point,30,61814,13.1581195198
2,5,25,4,6,periodic_perlin2d,0,75332,8.80390803377
2,5,25,4,6,perlin2d,0,78535,10.2924301267
2,5,25,4,6,simplex4d_cached,0,22987,32.9946491495
2,5,25,4,6,simplex4d_torus_grid,0,21748,35.1967997057
2,5,25,4,6,simplex4d_torus_point,0,16470,40.4483302975
2,5,25,4,6,simplex4d_torus_grid,1,21748,35.906750046
2,5,25,4,6,simplex4d_cached,1,22987,32.4994127115
2,5,25,4,6,perlin2d,1,78535,9.46319475393
2,5,25,4,6,simplex4d_torus_point,1,16470,40.6219793564
2,5,25,4,6,periodic_perlin2d,1,75332,9.54330165136
2,5,25,4,6,simplex4d_torus_grid,2,21748,39.155600515
2,5,25,4,6,perlin2d,2,78535,10.1364741835
2,5,25,4,6,simplex4d_cached,2,22987,36.277374168
2,5,25,4,6,periodic_perlin2d,2,75332,8.98152179685
2,5,25,4,6,simplex4d_torus_point,2,16470,42.6382513661
2,5,25,4,6,perlin2d,3,78535,9.90126695104
2,5,25,4,6,simplex4d_cached,3,22987,35.2813329273
2,5,25,4,6,simplex4d_torus_grid,3,21748,38.084237631
2,5,25,4,6,simplex4d_torus_point,3,16470,42.8840315726
2,5,25,4,6,periodic_perlin2d,3,75332,9.40524611055
2,5,25,4,6,simplex4d_cached,4,22987,34.5992082481
2,5,25,4,6,perlin2d,4,78535,9.74846883555
2,5,25,4,6,simplex4d_torus_point,4,16470,43.4664238009
2,5,25,4,6,simplex4d_torus_grid,4,21748,37.8548832077
2,5,25,4,6,periodic_perlin2d,4,75332,8.85350183189
2,5,25,4,6,simplex4d_torus_point,5,16470,42.6831815422
2,5,25,4,6,simplex4d_cached,5,22987,34.7667812242
2,5,25,4,6,simplex4d_torus_grid,5,21748,37.1550487401
2,5,25,4,6,perlin2d,5,78535,9.56118927867
2,5,25,4,6,periodic_perlin2d,5,75332,9.26405777093
2,5,25,4,6,simplex4d_cached,6,22987,34.5200330622
2,5,25,4,6,perlin2d,6,78535,9.42265232062
2,5,25,4,6,periodic_perlin2d,6,75332,9.03908033771
2,5,25,4,6,simplex4d_torus_point,6,16470,41.4421372192
2,5,25,4,6,simplex4d_torus_grid,6,21748,37.2974066581
2,5,25,4,6,perlin2d,7,78535,9.72641497422
2,5,25,4,6,simplex4d_torus_point,7,16470,41.927140255
2,5,25,4,6,periodic_perlin2d,7,75332,9.01603568205
2,5,25,4,6,simplex4d_cached,7,22987,34.4659155175
2,5,25,4,6,simplex4d_torus_grid,7,21748,36.7877505978
2,5,25,4,6,perlin2d,8,78535,9.82364550837
2,5,25,4,6,simplex4d_cached,8,22987,36.7562535346
2,5,25,4,6,simplex4d_torus_grid,8,21748,35.9231193673
2,5,25,4,6,periodic_perlin2d,8,75332,8.81118249881
2,5,25,4,6,simplex4d_torus_point,8,16470,40.71523983
2,5,25,4,6,simplex4d_torus_grid,9,21748,35.8670222549
2,5,25,4,6,simplex4d_cached,9,22987,34.1855831557
2,5,25,4,6,perlin2d,9,78535,9.41429935697
2,5,25,4,6,simplex4d_torus_point,9,16470,42.7936854888
2,5,25,4,6,periodic_perlin2d,9,75332,8.8305633728
2,5,25,4,6,perlin2d,10,78535,9.78901126886
2,5,25,4,6,periodic_perlin2d,10,75332,9.00472574736
2,5,25,4,6,simplex4d_cached,10,22987,33.7221908035
2,5,25,4,6,simplex4d_torus_point,10,16470,42.1753491196
2,5,25,4,6,simplex4d_torus_grid,10,21748,37.3461467721
2,5,25,4,6,perlin2d,11,78535,9.3938244095
2,5,25,4,6,simplex4d_cached,11,22987,34.4431200244
2,5,25,4,6,simplex4d_torus_grid,11,21748,37.3384219239
2,5,25,4,6,simplex4d_torus_point,11,16470,43.5380692168
2,5,25,4,6,periodic_perlin2d,11,75332,8.84893537939
2,5,25,4,6,simplex4d_torus_grid,12,21748,37.9238550671
2,5,25,4,6,simplex4d_torus_point,12,16470,42.5236187007
2,5,25,4,6,simplex4d_cached,12,22987,33.3454561274
2,5,25,4,6,periodic_perlin2d,12,75332,9.05065576382
2,5,25,4,6,perlin2d,12,78535,9.58166422614
2,5,25,4,6,simplex4d_torus_grid,13,21748,36.2768070627
2,5,25,4,6,simplex4d_torus_point,13,16470,42.4818457802
2,5,25,4,6,perlin2d,13,78535,9.69402177373
2,5,25,4,6,simplex4d_cached,13,22987,34.3716013399
2,5,25,4,6,periodic_perlin2d,13,75332,8.86454627516
2,5,25,4,6,simplex4d_cached,14,22987,34.1678339931
2,5,25,4,6,periodic_perlin2d,14,75332,8.7330218234
2,5,25,4,6,simplex4d_torus_grid,14,21748,37.0958249034
2,5,25,4,6,perlin2d,14,78535,9.66886101738
2,5,25,4,6,simplex4d_torus_point,14,16470,41.0219793564
2,5,25,4,6,simplex4d_torus_point,15,16470,42.5700060716
2,5,25,4,6,simplex4d_torus_grid,15,21748,38.079823432
2,5,25,4,6,perlin2d,15,78535,9.39835742026
2,5,25,4,6,periodic_perlin2d,15,75332,9.00854882387
2,5,25,4,6,simplex4d_cached,15,22987,33.1944142341
2,5,25,4,6,periodic_perlin2d,16,75332,8.68390590984
2,5,25,4,6,simplex4d_cached,16,22987,33.6602427459
2,5,25,4,6,simplex4d_torus_grid,16,21748,35.9286371161
2,5,25,4,6,simplex4d_torus_point,16,16470,41.2068002429
2,5,25,4,6,perlin2d,16,78535,9.67334309544
2,5,25,4,6,simplex4d_cached,17,22987,33.699221299
2,5,25,4,6,simplex4d_torus_point,17,16470,41.5385549484
2,5,25,4,6,periodic_perlin2d,17,75332,8.95502575267
2,5,25,4,6,simplex4d_torus_grid,17,21748,36.4491447489
2,5,25,4,6,perlin2d,17,78535,9.61808111033
2,5,25,4,6,simplex4d_torus_grid,18,21748,37.4761817179
2,5,25,4,6,perlin2d,18,78535,9.53439867575
2,5,25,4,6,periodic_perlin2d,18,75332,8.66367546328
2,5,25,4,6,simplex4d_cached,18,22987,33.7455083308
2,5,25,4,6,simplex4d_torus_point,18,16470,41.0865816636
2,5,25,4,6,simplex4d_cached,19,22987,34.7911428199
2,5,25,4,6,periodic_perlin2d,19,75332,8.97222959698
2,5,25,4,6,perlin2d,19,78535,9.44297446998
2,5,25,4,6,simplex4d_torus_point,19,16470,41.79332119
2,5,25,4,6,simplex4d_torus_grid,19,21748,35.9374655141
2,5,25,4,6,periodic_perlin2d,20,75332,9.05336377635
2,5,25,4,6,simplex4d_cached,20,22987,33.561404272
2,5,25,4,6,simplex4d_torus_grid,20,21748,37.6983630679
2,5,25,4,6,perlin2d,20,78535,9.47404342013
2,5,25,4,6,simplex4d_torus_point,20,16470,42.3676988464
2,5,25,4,6,simplex4d_torus_point,21,16470,42.1226472374
2,5,25,4,6,simplex4d_cached,21,22987,34.8664897551
2,5,25,4,6,perlin2d,21,78535,9.78748328771
2,5,25,4,6,periodic_perlin2d,21,75332,9.17825094249
2,5,25,4,6,simplex4d_torus_grid,21,21748,36.8990251977
2,5,25,4,6,simplex4d_torus_grid,22,21748,37.1013426522
2,5,25,4,6,perlin2d,22,78535,9.85211689056
2,5,25,4,6,simplex4d_torus_point,22,16470,43.1089253188
2,5,25,4,6,periodic_perlin2d,22,75332,8.93198109701
2,5,25,4,6,simplex4d_cached,22,22987,35.3575499195
2,5,25,4,6,simplex4d_torus_grid,23,21748,36.8589295567
2,5,25,4,6,periodic_perlin2d,23,75332,8.93867148091
2,5,25,4,6,perlin2d,23,78535,9.7282485516
2,5,25,4,6,simplex4d_cached,23,22987,33.934136686
2,5,25,4,6,simplex4d_torus_point,23,16470,40.6035215543
2,5,25,4,6,periodic_perlin2d,24,75332,9.02931025328
2,5,25,4,6,simplex4d_torus_point,24,16470,40.9809350334
2,5,25,4,6,simplex4d_cached,24,22987,34.2026362727
2,5,25,4,6,perlin2d,24,78535,9.68719679124
2,5,25,4,6,simplex4d_torus_grid,24,21748,36.5238182821
2,5,25,4,6,perlin2d,25,78535,9.49655567581
2,5,25,4,6,simplex4d_torus_grid,25,21748,36.5786279198
2,5,25,4,6,simplex4d_torus_point,25,16470,42.6404371585
2,5,25,4,6,simplex4d_cached,25,22987,33.2631487362
2,5,25,4,6,periodic_perlin2d,25,75332,9.35214782563
2,5,25,4,6,periodic_perlin2d,26,75332,9.07210747093
2,5,25,4,6,simplex4d_cached,26,22987,34.7834863184
2,5,25,4,6,perlin2d,26,78535,9.7498949513
2,5,25,4,6,simplex4d_torus_point,26,16470,42.4320582878
2,5,25,4,6,simplex4d_torus_grid,26,21748,35.9161302189
2,5,25,4,6,simplex4d_cached,27,22987,33.9421412102
2,5,25,4,6,perlin2d,27,78535,9.6374355383
2,5,25,4,6,periodic_perlin2d,27,75332,8.9718048107
2,5,25,4,6,simplex4d_torus_point,27,16470,43.7848208865
2,5,25,4,6,simplex4d_torus_grid,27,21748,36.9819753541
2,5,25,4,6,simplex4d_torus_grid,28,21748,37.0196799706
2,5,25,4,6,periodic_perlin2d,28,75332,8.84601497372
2,5,25,4,6,perlin2d,28,78535,9.72687336856
2,5,25,4,6,simplex4d_torus_point,28,16470,40.9782635094
2,5,25,4,6,simplex4d_cached,28,22987,35.1612650629
2,5,25,4,6,simplex4d_torus_point,29,16470,42.1493624772
2,5,25,4,6,simplex4d_torus_grid,29,21748,36.9799521795
2,5,25,4,6,perlin2d,29,78535,9.56287005794
2,5,25,4,6,simplex4d_cached,29,22987,34.2108148084
2,5,25,4,6,periodic_perlin2d,29,75332,10.164923273
2,5,25,4,6,periodic_perlin2d,30,75332,8.66229490787
2,5,25,4,6,simplex4d_torus_point,30,16470,40.6618093503
2,5,25,4,6,simplex4d_torus_grid,30,21748,35.5815707191
2,5,25,4,6,perlin2d,30,78535,10.2669637741
2,5,25,4,6,simplex4d_cached,30,22987,39.8705355201
2,16,256,1,1,periodic_perlin2d,0,51403,1.3572286637
2,16,256,1,1,simplex4d_cached,0,13584,4.60796019214
2,16,256,1,1,simplex4d_torus_grid,0,9768,6.3726101812
2,16,256,1,1,perlin2d,0,54604,1.13351643195
2,16,256,1,1,simplex4d_torus_point,0,5416,11.5111042513
2,16,256,1,1,simplex4d_torus_grid,1,9768,5.97410709715
2,16,256,1,1,periodic_perlin2d,1,51403,1.27451826742
2,16,256,1,1,simplex4d_torus_point,1,5416,11.6165499215
2,16,256,1,1,perlin2d,1,54604,1.11867233856
2,16,256,1,1,simplex4d_cached,1,13584,4.34668083775
2,16,256,1,1,perlin2d,2,54604,1.12352260137
2,16,256,1,1,periodic_perlin2d,2,51403,1.25283756541
2,16,256,1,1,simplex4d_torus_grid,2,9768,5.97190763206
2,16,256,1,1,simplex4d_torus_point,2,5416,12.0723031296
2,16,256,1,1,simplex4d_cached,2,13584,4.29008852326
2,16,256,1,1,simplex4d_cached,3,13584,4.25428698285
2,16,256,1,1,simplex4d_torus_point,3,5416,11.7054791359
2,16,256,1,1,simplex4d_torus_grid,3,9768,6.1632610949
2,16,256,1,1,perlin2d,3,54604,1.15358993847
2,16,256,1,1,periodic_perlin2d,3,51403,1.24294332286
2,16,256,1,1,perlin2d,4,54604,1.1919914292
2,16,256,1,1,periodic_perlin2d,4,51403,1.27820391076
2,16,256,1,1,simplex4d_torus_point,4,5416,11.7838782081
2,16,256,1,1,simplex4d_torus_grid,4,9768,6.06320542844
2,16,256,1,1,simplex4d_cached,4,13584,4.32586130742
2,16,256,1,1,simplex4d_torus_grid,5,9768,5.91152231777
2,16,256,1,1,periodic_perlin2d,5,51403,1.23740345894
2,16,256,1,1,simplex4d_cached,5,13584,4.30377650177
2,16,256,1,1,simplex4d_torus_point,5,5416,12.0219603951
2,16,256,1,1,perlin2d,5,54604,1.17721171984
2,16,256,1,1,simplex4d_torus_grid,6,9768,6.21048960893
2,16,256,1,1,perlin2d,6,54604,1.55799311864
2,16,256,1,1,simplex4d_torus_point,6,5416,14.7921090288
2,16,256,1,1,periodic_perlin2d,6,51403,1.51681322102
2,16,256,1,1,simplex4d_cached,6,13584,5.47122303813
2,16,256,1,1,perlin2d,7,54604,1.46651058073
2,16,256,1,1,simplex4d_torus_grid,7,9768,7.32705805948
2,16,256,1,1,simplex4d_torus_point,7,5416,15.1328240399
2,16,256,1,1,periodic_perlin2d,7,51403,1.47054129866
2,16,256,1,1,simplex4d_cached,7,13584,4.98190656287
2,16,256,1,1,simplex4d_torus_grid,8,9768,7.33881520014
2,16,256,1,1,perlin2d,8,54604,1.31382745541
2,16,256,1,1,simplex4d_cached,8,13584,4.91286278894
2,16,256,1,1,periodic_perlin2d,8,51403,1.33407370436
2,16,256,1,1,simplex4d_torus_point,8,5416,13.1091615122
2,16,256,1,1,simplex4d_torus_point,9,5416,11.7574086041
2,16,256,1,1,simplex4d_torus_grid,9,9768,6.36297252508
2,16,256,1,1,periodic_perlin2d,9,51403,1.25760230434
2,16,256,1,1,simplex4d_cached,9,13584,4.29520713707
2,16,256,1,1,perlin2d,9,54604,1.14501255631
2,16,256,1,1,simplex4d_torus_grid,10,9768,6.22044718724
2,16,256,1,1,periodic_perlin2d,10,51403,1.24591463533
2,16,256,1,1,simplex4d_torus_point,10,5416,11.7166583964
2,16,256,1,1,simplex4d_cached,10,13584,4.39188567432
2,16,256,1,1,perlin2d,10,54604,1.11772088583
2,16,256,1,1,periodic_perlin2d,11,51403,1.24582344416
2,16,256,1,1,simplex4d_torus_point,11,5416,11.810347812
2,16,256,1,1,simplex4d_cached,11,13584,4.25201523852
2,16,256,1,1,perlin2d,11,54604,1.11967386776
2,16,256,1,1,simplex4d_torus_grid,11,9768,6.04904887131
2,16,256,1,1,periodic_perlin2d,12,51403,1.26713178219
2,16,256,1,1,simplex4d_cached,12,13584,4.25109503828
2,16,256,1,1,simplex4d_torus_point,12,5416,11.6197955133
2,16,256,1,1,perlin2d,12,54604,1.14623585268
2,16,256,1,1,simplex4d_torus_grid,12,9768,5.92639869984
2,16,256,1,1,perlin2d,13,54604,1.16132317458
2,16,256,1,1,simplex4d_cached,13,13584,4.2299016766
2,16,256,1,1,periodic_perlin2d,13,51403,1.27457906153
2,16,256,1,1,simplex4d_torus_point,13,5416,12.0205179099
2,16,256,1,1,simplex4d_torus_grid,13,9768,6.17633791462
2,16,256,1,1,simplex4d_cached,14,13584,4.34492670605
2,16,256,1,1,periodic_perlin2d,14,51403,1.26735976013
2,16,256,1,1,simplex4d_torus_grid,14,9768,5.93411682279
2,16,256,1,1,simplex4d_torus_point,14,5416,11.5677939208
2,16,256,1,1,perlin2d,14,54604,1.12948885384
2,16,256,1,1,perlin2d,15,54604,1.14160735706
2,16,256,1,1,simplex4d_cached,15,13584,4.27294979388
2,16,256,1,1,simplex4d_torus_grid,15,9768,5.90272445741
2,16,256,1,1,periodic_perlin2d,15,51403,1.23817098467
2,16,256,1,1,simplex4d_torus_point,15,5416,11.5188215473
2,16,256,1,1,perlin2d,16,54604,1.15134365156
2,16,256,1,1,simplex4d_cached,16,13584,4.25425822659
2,16,256,1,1,simplex4d_torus_point,16,5416,11.7607984444
2,16,256,1,1,simplex4d_torus_grid,16,9768,5.88880784193
2,16,256,1,1,periodic_perlin2d,16,51403,1.30310670097
2,16,256,1,1,perlin2d,17,54604,1.14659354168
2,16,256,1,1,simplex4d_cached,17,13584,4.22788873859
2,16,256,1,1,simplex4d_torus_point,17,5416,11.7694533558
2,16,256,1,1,periodic_perlin2d,17,51403,1.2381861832
2,16,256,1,1,simplex4d_torus_grid,17,9768,6.02517467752
2,16,256,1,1,simplex4d_torus_grid,18,9768,5.96151016073
2,16,256,1,1,periodic_perlin2d,18,51403,1.3153491163
2,16,256,1,1,simplex4d_torus_point,18,5416,11.7834454625
2,16,256,1,1,simplex4d_cached,18,13584,4.38394894729
2,16,256,1,1,perlin2d,18,54604,1.28339527553
2,16,256,1,1,simplex4d_torus_grid,19,9768,5.99394227324
2,16,256,1,1,simplex4d_cached,19,13584,4.22058464922
2,16,256,1,1,simplex4d_torus_point,19,5416,11.7409642725
2,16,256,1,1,perlin2d,19,54604,1.15723836624
2,16,256,1,1,periodic_perlin2d,19,51403,1.2640996756
2,16,256,1,1,perlin2d,20,54604,1.19787899009
2,16,256,1,1,simplex4d_torus_grid,20,9768,6.76151559941
2,16,256,1,1,periodic_perlin2d,20,51403,1.30209599877
2,16,256,1,1,simplex4d_cached,20,13584,4.15332376325
2,16,256,1,1,simplex4d_torus_point,20,5416,11.358200817
2,16,256,1,1,simplex4d_torus_point,21,5416,11.4474185284
2,16,256,1,1,periodic_perlin2d,21,51403,1.227957573
2,16,256,1,1,simplex4d_cached,21,13584,4.38849243595
2,16,256,1,1,perlin2d,21,54604,1.11764219425
2,16,256,1,1,simplex4d_torus_grid,21,9768,5.76119887643
2,16,256,1,1,periodic_perlin2d,22,51403,1.23319346633
2,16,256,1,1,perlin2d,22,54604,1.18292759001
2,16,256,1,1,simplex4d_cached,22,13584,4.41374042992
2,16,256,1,1,simplex4d_torus_point,22,5416,11.6880250646
2,16,256,1,1,simplex4d_torus_grid,22,9768,6.22284660371
2,16,256,1,1,simplex4d_cached,23,13584,4.27982253938
2,16,256,1,1,simplex4d_torus_point,23,5416,11.7969326994
2,16,256,1,1,perlin2d,23,54604,1.16411314876
2,16,256,1,1,periodic_perlin2d,23,51403,1.29524906134
2,16,256,1,1,simplex4d_torus_grid,23,9768,6.02665431767
2,16,256,1,1,simplex4d_torus_grid,24,9768,5.92815827191
2,16,256,1,1,perlin2d,24,54604,1.14451179172
2,16,256,1,1,simplex4d_torus_point,24,5416,11.5528641987
2,16,256,1,1,periodic_perlin2d,24,51403,1.25915255433
2,16,256,1,1,simplex4d_cached,24,13584,4.24057024809
2,16,256,1,1,perlin2d,25,54604,1.19634808118
2,16,256,1,1,simplex4d_torus_point,25,5416,11.6731674668
2,16,256,1,1,periodic_perlin2d,25,51403,1.27373554316
2,16,256,1,1,simplex4d_cached,25,13584,4.34840621319
2,16,256,1,1,simplex4d_torus_grid,25,9768,6.02037584459
2,16,256,1,1,simplex4d_cached,26,13584,4.2466953309
2,16,256,1,1,simplex4d_torus_grid,26,9768,5.91736089783
2,16,256,1,1,perlin2d,26,54604,1.12031055417
2,16,256,1,1,periodic_perlin2d,26,51403,1.27485263506
2,16,256,1,1,simplex4d_torus_point,26,5416,11.4769894756
2,16,256,1,1,simplex4d_cached,27,13584,4.23315113369
2,16,256,1,1,periodic_perlin2d,27,51403,1.29634335545
2,16,256,1,1,perlin2d,27,54604,1.16176670894
2,16,256,1,1,simplex4d_torus_point,27,5416,11.5240144941
2,16,256,1,1,simplex4d_torus_grid,27,9768,5.89320677211
2,16,256,1,1,simplex4d_cached,28,13584,4.45612715327
2,16,256,1,1,perlin2d,28,54604,1.12891655144
2,16,256,1,1,simplex4d_torus_point,28,5416,12.1794797821
2,16,256,1,1,simplex4d_torus_grid,28,9768,6.12043151106
2,16,256,1,1,periodic_perlin2d,28,51403,1.24432638902
2,16,256,1,1,simplex4d_cached,29,13584,4.25287792624
2,16,256,1,1,simplex4d_torus_point,29,5416,11.7103114614
2,16,256,1,1,simplex4d_torus_grid,29,9768,6.0528079571
2,16,256,1,1,perlin2d,29,54604,1.16523629221
2,16,256,1,1,periodic_perlin2d,29,51403,1.21927921279
2,16,256,1,1,perlin2d,30,54604,1.16907787204
2,16,256,1,1,periodic_perlin2d,30,51403,1.25994287785
2,16,256,1,1,simplex4d_torus_point,30,5416,11.3021602659
2,16,256,1,1,simplex4d_cached,30,13584,4.27096561212
2,16,256,1,1,simplex4d_torus_grid,30,9768,6.03209299498
2,16,256,1,6,periodic_perlin2d,0,11825,6.7404532241
2,16,256,1,6,simplex4d_torus_point,0,2258,34.8929500664
2,16,256,1,6,simplex4d_torus_grid,0,2757,27.7275741295
2,16,256,1,6,simplex4d_cached,0,2951,26.2944499746
2,16,256,1,6,perlin2d,0,10619,7.32943309163
2,16,256,1,6,periodic_perlin2d,1,11825,6.65139402748
2,16,256,1,6,simplex4d_torus_grid,1,2757,28.0568496101
2,16,256,1,6,simplex4d_cached,1,2951,26.5365554049
2,16,256,1,6,perlin2d,1,10619,7.66473273142
2,16,256,1,6,simplex4d_torus_point,1,2258,34.4552701506
2,16,256,1,6,simplex4d_torus_grid,2,2757,28.1330760337
2,16,256,1,6,simplex4d_torus_point,2,2258,34.0257210474
2,16,256,1,6,simplex4d_cached,2,2951,26.3575906472
2,16,256,1,6,periodic_perlin2d,2,11825,6.64336680761
2,16,256,1,6,perlin2d,2,10619,7.14282035738
2,16,256,1,6,perlin2d,3,10619,7.39590445193
2,16,256,1,6,periodic_perlin2d,3,11825,6.90710887949
2,16,256,1,6,simplex4d_torus_grid,3,2757,28.4044024302
2,16,256,1,6,simplex4d_cached,3,2951,26.6980472721
2,16,256,1,6,simplex4d_torus_point,3,2258,33.4745557462
2,16,256,1,6,perlin2d,4,10619,7.14999352576
2,16,256,1,6,simplex4d_cached,4,2951,26.6803096408
2,16,256,1,6,periodic_perlin2d,4,11825,6.69493261099
2,16,256,1,6,simplex4d_torus_point,4,2258,33.4752477303
2,16,256,1,6,simplex4d_torus_grid,4,2757,27.6061502539
2,16,256,1,6,simplex4d_torus_grid,5,2757,28.3369604643
2,16,256,1,6,perlin2d,5,10619,7.07664328091
2,16,256,1,6,periodic_perlin2d,5,11825,6.46600819239
2,16,256,1,6,simplex4d_torus_point,5,2258,34.5924559898
2,16,256,1,6,simplex4d_cached,5,2951,27.0510790834
2,16,256,1,6,simplex4d_torus_grid,6,2757,27.1125204026
2,16,256,1,6,periodic_perlin2d,6,11825,6.39257399577
2,16,256,1,6,simplex4d_torus_point,6,2258,32.5614827834
2,16,256,1,6,simplex4d_cached,6,2951,25.4053181125
2,16,256,1,6,perlin2d,6,10619,7.17000482625
2,16,256,1,6,simplex4d_torus_grid,7,2757,28.2988472524
2,16,256,1,6,simplex4d_cached,7,2951,27.2318970264
2,16,256,1,6,simplex4d_torus_point,7,2258,32.3826049048
2,16,256,1,6,periodic_perlin2d,7,11825,6.37836945032
2,16,256,1,6,perlin2d,7,10619,7.10963985545
2,16,256,1,6,simplex4d_torus_grid,8,2757,28.6581599111
2,16,256,1,6,simplex4d_torus_point,8,2258,33.8061891054
2,16,256,1,6,simplex4d_cached,8,2951,25.7869419265
2,16,256,1,6,periodic_perlin2d,8,11825,6.48259117336
2,16,256,1,6,perlin2d,8,10619,7.29794472173
2,16,256,1,6,perlin2d,9,10619,7.17791370421
2,16,256,1,6,simplex4d_cached,9,2951,26.1178678838
2,16,256,1,6,periodic_perlin2d,9,11825,6.439977537
2,16,256,1,6,simplex4d_torus_grid,9,2757,27.1597014418
2,16,256,1,6,simplex4d_torus_point,9,2258,33.4584671169
2,16,256,1,6,periodic_perlin2d,10,11825,6.54601612051
2,16,256,1,6,simplex4d_cached,10,2951,25.5192890122
2,16,256,1,6,simplex4d_torus_grid,10,2757,27.138023667
2,16,256,1,6,simplex4d_torus_point,10,2258,33.12977469
2,16,256,1,6,perlin2d,10,10619,7.02885894387
2,16,256,1,6,perlin2d,11,10619,6.97162073877
2,16,256,1,6,simplex4d_torus_grid,11,2757,28.0406975426
2,16,256,1,6,simplex4d_cached,11,2951,25.1654629787
2,16,256,1,6,simplex4d_torus_point,11,2258,33.093099535
2,16,256,1,6,periodic_perlin2d,11,11825,6.69067124736
2,16,256,1,6,simplex4d_torus_point,12,2258,32.9156056244
2,16,256,1,6,simplex4d_torus_grid,12,2757,27.0160330522
2,16,256,1,6,perlin2d,12,10619,6.95525120068
2,16,256,1,6,periodic_perlin2d,12,11825,6.50981104651
2,16,256,1,6,simplex4d_cached,12,2951,26.2223081159
2,16,256,1,6,simplex4d_torus_point,13,2258,34.057898306
2,16,256,1,6,simplex4d_torus_grid,13,2757,27.3944731592
2,16,256,1,6,perlin2d,13,10619,7.02867501648
2,16,256,1,6,simplex4d_cached,13,2951,26.3103344205
2,16,256,1,6,periodic_perlin2d,13,11825,6.63401823467
2,16,256,1,6,periodic_perlin2d,14,11825,6.46230840381
2,16,256,1,6,simplex4d_torus_grid,14,2757,28.1871996282
2,16,256,1,6,simplex4d_torus_point,14,2258,33.6887248118
2,16,256,1,6,simplex4d_cached,14,2951,26.4016699848
2,16,256,1,6,perlin2d,14,10619,7.23294478058
2,16,256,1,6,simplex4d_cached,15,2951,26.4333065063
2,16,256,1,6,perlin2d,15,10619,7.1351321923
2,16,256,1,6,simplex4d_torus_point,15,2258,33.4582941209
2,16,256,1,6,simplex4d_torus_grid,15,2757,27.8001167483
2,16,256,1,6,periodic_perlin2d,15,11825,6.4133192389
2,16,256,1,6,simplex4d_cached,16,2951,26.3215859031
2,16,256,1,6,perlin2d,16,10619,7.5455845654
2,16,256,1,6,simplex4d_torus_grid,16,2757,28.4850210827
2,16,256,1,6,simplex4d_torus_point,16,2258,33.5959989482
2,16,256,1,6,periodic_perlin2d,16,11825,6.56593551797
2,16,256,1,6,periodic_perlin2d,17,11825,6.80364693446
2,16,256,1,6,perlin2d,17,10619,7.28061876118
2,16,256,1,6,simplex4d_cached,17,2951,25.7523932565
2,16,256,1,6,simplex4d_torus_grid,17,2757,28.2593171926
2,16,256,1,6,simplex4d_torus_point,17,2258,33.9916408326
2,16,256,1,6,simplex4d_torus_grid,18,2757,27.8695423014
2,16,256,1,6,periodic_perlin2d,18,11825,6.65747225159
2,16,256,1,6,simplex4d_cached,18,2951,26.6838836411
2,16,256,1,6,perlin2d,18,10619,7.18747792871
2,16,256,1,6,simplex4d_torus_point,18,2258,33.8141469221
2,16,256,1,6,simplex4d_torus_grid,19,2757,29.0330578981
2,16,256,1,6,perlin2d,19,10619,7.1718441002
2,16,256,1,6,periodic_perlin2d,19,11825,6.59299022199
2,16,256,1,6,simplex4d_torus_point,19,2258,33.5987668844
2,16,256,1,6,simplex4d_cached,19,2951,26.6218019315
2,16,256,1,6,simplex4d_cached,20,2951,26.550057184
2,16,256,1,6,simplex4d_torus_grid,20,2757,27.4148757708
2,16,256,1,6,simplex4d_torus_point,20,2258,34.0303919398
2,16,256,1,6,perlin2d,20,10619,7.19693179678
2,16,256,1,6,periodic_perlin2d,20,11825,6.73305364693
2,16,256,1,6,periodic_perlin2d,21,11825,6.71742864693
2,16,256,1,6,simplex4d_cached,21,2951,26.6511881566
2,16,256,1,6,simplex4d_torus_grid,21,2757,28.0844781465
2,16,256,1,6,simplex4d_torus_point,21,2258,33.104863264
2,16,256,1,6,perlin2d,21,10619,7.39991406912
2,16,256,1,6,simplex4d_cached,22,2951,26.4640164351
2,16,256,1,6,perlin2d,22,10619,7.12887866089
2,16,256,1,6,simplex4d_torus_point,22,2258,33.434593667
2,16,256,1,6,periodic_perlin2d,22,11825,6.45583377378
2,16,256,1,6,simplex4d_torus_grid,22,2757,28.3988767229
2,16,256,1,6,simplex4d_cached,23,2951,25.7367735513
2,16,256,1,6,simplex4d_torus_point,23,2258,33.6397669398
2,16,256,1,6,periodic_perlin2d,23,11825,6.54026823467
2,16,256,1,6,simplex4d_torus_grid,23,2757,28.4024188429
2,16,256,1,6,perlin2d,23,10619,7.13524254873
2,16,256,1,6,perlin2d,24,10619,7.01374011206
2,16,256,1,6,periodic_perlin2d,24,11825,6.49180761099
2,16,256,1,6,simplex4d_torus_grid,24,2757,27.8939120874
2,16,256,1,6,simplex4d_torus_point,24,2258,33.3641842892
2,16,256,1,6,simplex4d_cached,24,2951,26.5589259997
2,16,256,1,6,simplex4d_torus_point,25,2258,33.3482686559
2,16,256,1,6,simplex4d_cached,25,2951,25.716256142
2,16,256,1,6,simplex4d_torus_grid,25,2757,27.8158437613
2,16,256,1,6,periodic_perlin2d,25,11825,6.4636627907
2,16,256,1,6,perlin2d,25,10619,7.24133186976
2,16,256,1,6,simplex4d_torus_point,26,2258,32.7697699845
2,16,256,1,6,perlin2d,26,10619,6.8603814507
2,16,256,1,6,simplex4d_cached,26,2951,25.8935000847
2,16,256,1,6,simplex4d_torus_grid,26,2757,28.4623515143
2,16,256,1,6,periodic_perlin2d,26,11825,6.67227140592
2,16,256,1,6,perlin2d,27,10619,7.29441331575
2,16,256,1,6,periodic_perlin2d,27,11825,6.52801268499
2,16,256,1,6,simplex4d_torus_grid,27,2757,27.6130928092
2,16,256,1,6,simplex4d_torus_point,27,2258,34.2620336027
2,16,256,1,6,simplex4d_cached,27,2951,26.6621748983
2,16,256,1,6,simplex4d_torus_grid,28,2757,27.9079388828
2,16,256,1,6,periodic_perlin2d,28,11825,6.60630285412
2,16,256,1,6,perlin2d,28,10619,7.15885882616
2,16,256,1,6,simplex4d_cached,28,2951,25.5453659776
2,16,256,1,6,simplex4d_torus_point,28,2258,35.6312970549
2,16,256,1,6,periodic_perlin2d,29,11825,6.70583377378
2,16,256,1,6,perlin2d,29,10619,7.30224862275
2,16,256,1,6,simplex4d_torus_point,29,2258,34.13107562
2,16,256,1,6,simplex4d_torus_grid,29,2757,28.6571681175
2,16,256,1,6,simplex4d_cached,29,2951,26.3477952389
2,16,256,1,6,periodic_perlin2d,30,11825,6.61542019027
2,16,256,1,6,simplex4d_torus_grid,30,2757,28.0081100381
2,16,256,1,6,perlin2d,30,10619,7.30375682738
2,16,256,1,6,simplex4d_torus_point,30,2258,34.2494048937
2,16,256,1,6,simplex4d_cached,30,2951,26.5658092596
2,256,65536,512,1,perlin2d,0,262,1.10733381664
2,256,65536,512,1,periodic_perlin2d,0,235,1.20837272482
2,256,65536,512,1,simplex4d_torus_point,0,15,20.461730957
2,256,65536,512,1,simplex4d_torus_grid,0,51,5.95748003791
2,256,65536,512,1,simplex4d_cached,0,67,4.4700508687
2,256,65536,512,1,periodic_perlin2d,1,235,1.1910296501
2,256,65536,512,1,simplex4d_torus_point,1,15,20.2630615234
2,256,65536,512,1,simplex4d_torus_grid,1,51,5.92818914675
2,256,65536,512,1,simplex4d_cached,1,67,4.46706743383
2,256,65536,512,1,perlin2d,1,262,1.10190005703
2,256,65536,512,1,simplex4d_cached,2,67,4.31167830282
2,256,65536,512,1,simplex4d_torus_grid,2,51,5.89414110371
2,256,65536,512,1,simplex4d_torus_point,2,15,20.2900187174
2,256,65536,512,1,periodic_perlin2d,2,235,1.22378085522
2,256,65536,512,1,perlin2d,2,262,1.09712440549
2,256,65536,512,1,simplex4d_torus_point,3,15,19.9458821615
2,256,65536,512,1,simplex4d_torus_grid,3,51,6.14136340571
2,256,65536,512,1,perlin2d,3,262,1.10043824174
2,256,65536,512,1,simplex4d_cached,3,67,4.47957053113
2,256,65536,512,1,periodic_perlin2d,3,235,1.21454117146
2,256,65536,512,1,simplex4d_torus_point,4,15,19.9017333984
2,256,65536,512,1,perlin2d,4,262,3.03219511309
2,256,65536,512,1,simplex4d_torus_grid,4,51,6.08723958333
2,256,65536,512,1,periodic_perlin2d,4,235,1.22731959566
2,256,65536,512,1,simplex4d_cached,4,67,4.35032631034
2,256,65536,512,1,simplex4d_torus_point,5,15,20.1093546549
2,256,65536,512,1,perlin2d,5,262,1.11343733227
2,256,65536,512,1,periodic_perlin2d,5,235,1.21962527011
2,256,65536,512,1,simplex4d_cached,5,67,4.26644851912
2,256,65536,512,1,simplex4d_torus_grid,5,51,5.90802360983
2,256,65536,512,1,simplex4d_torus_grid,6,51,5.98841648476
2,256,65536,512,1,perlin2d,6,262,1.14451983503
2,256,65536,512,1,simplex4d_cached,6,67,4.31010687529
2,256,65536,512,1,periodic_perlin2d,6,235,1.17592020238
2,256,65536,512,1,simplex4d_torus_point,6,15,19.7999064128
2,256,65536,512,1,simplex4d_cached,7,67,4.39061406833
2,256,65536,512,1,perlin2d,7,262,1.06630398117
2,256,65536,512,1,simplex4d_torus_grid,7,51,7.36083984375
2,256,65536,512,1,simplex4d_torus_point,7,15,20.3817749023
2,256,65536,512,1,periodic_perlin2d,7,235,1.36160343251
2,256,65536,512,1,perlin2d,8,262,1.10340846404
2,256,65536,512,1,simplex4d_cached,8,67,4.26499096315
2,256,65536,512,1,periodic_perlin2d,8,235,1.23411787317
2,256,65536,512,1,simplex4d_torus_grid,8,51,5.83786309934
2,256,65536,512,1,simplex4d_torus_point,8,15,20.5621337891
2,256,65536,512,1,simplex4d_cached,9,67,4.45955191086
2,256,65536,512,1,periodic_perlin2d,9,235,1.19635399352
2,256,65536,512,1,perlin2d,9,262,1.10707756217
2,256,65536,512,1,simplex4d_torus_grid,9,51,6.00517123353
2,256,65536,512,1,simplex4d_torus_point,9,15,20.2842203776
2,256,65536,512,1,simplex4d_torus_grid,10,51,5.87759578929
2,256,65536,512,1,simplex4d_torus_point,10,15,20.8051554362
2,256,65536,512,1,simplex4d_cached,10,67,4.29817313579
2,256,65536,512,1,periodic_perlin2d,10,235,1.24990260347
2,256,65536,512,1,perlin2d,10,262,1.18470519554
2,256,65536,512,1,simplex4d_torus_point,11,15,20.44921875
2,256,65536,512,1,simplex4d_cached,11,67,4.3756057967
2,256,65536,512,1,perlin2d,11,262,1.11939524876
2,256,65536,512,1,simplex4d_torus_grid,11,51,6.07437432981
2,256,65536,512,1,periodic_perlin2d,11,235,1.25870075632
2,256,65536,512,1,simplex4d_torus_grid,12,51,8.43987558402
2,256,65536,512,1,simplex4d_cached,12,67,5.4763110716
2,256,65536,512,1,periodic_perlin2d,12,235,1.53711197224
2,256,65536,512,1,perlin2d,12,262,1.34077581741
2,256,65536,512,1,simplex4d_torus_point,12,15,24.8546346029
2,256,65536,512,1,simplex4d_cached,13,67,5.2198723181
2,256,65536,512,1,periodic_perlin2d,13,235,1.46067517869
2,256,65536,512,1,perlin2d,13,262,1.35503288444
2,256,65536,512,1,simplex4d_torus_point,13,15,23.8982137044
2,256,65536,512,1,simplex4d_torus_grid,13,51,6.83701459099
2,256,65536,512,1,simplex4d_torus_point,14,15,22.8581746419
2,256,65536,512,1,simplex4d_torus_grid,14,51,6.57405479282
2,256,65536,512,1,periodic_perlin2d,14,235,1.27388162816
2,256,65536,512,1,simplex4d_cached,14,67,4.32727870656
2,256,65536,512,1,perlin2d,14,262,1.13598772588
2,256,65536,512,1,periodic_perlin2d,15,235,1.21348279588
2,256,65536,512,1,perlin2d,15,262,1.12251689416
2,256,65536,512,1,simplex4d_torus_point,15,15,19.8544311523
2,256,65536,512,1,simplex4d_cached,15,67,4.41186250146
2,256,65536,512,1,simplex4d_torus_grid,15,51,9.0970806047
2,256,65536,512,1,simplex4d_torus_point,16,15,21.7318725586
2,256,65536,512,1,simplex4d_torus_grid,16,51,6.2822229722
2,256,65536,512,1,simplex4d_cached,16,67,4.57408392607
2,256,65536,512,1,periodic_perlin2d,16,235,1.16980370055
2,256,65536,512,1,perlin2d,16,262,1.09590719674
2,256,65536,512,1,simplex4d_torus_point,17,15,20.7287597656
2,256,65536,512,1,simplex4d_torus_grid,17,51,5.93025357116
2,256,65536,512,1,perlin2d,17,262,1.13443855111
2,256,65536,512,1,periodic_perlin2d,17,235,1.207171501
2,256,65536,512,1,simplex4d_cached,17,67,4.39311924265
2,256,65536,512,1,simplex4d_torus_point,18,15,21.0193888346
2,256,65536,512,1,periodic_perlin2d,18,235,1.22100830078
2,256,65536,512,1,simplex4d_torus_grid,18,51,5.94015682445
2,256,65536,512,1,perlin2d,18,262,1.08860394427
2,256,65536,512,1,simplex4d_cached,18,67,4.38164098939
2,256,65536,512,1,simplex4d_torus_point,19,15,19.8485310872
2,256,65536,512,1,simplex4d_torus_grid,19,51,5.97429462508
2,256,65536,512,1,simplex4d_cached,19,67,4.20607381792
2,256,65536,512,1,periodic_perlin2d,19,235,1.21963825632
2,256,65536,512,1,perlin2d,19,262,1.08602975161
2,256,65536,512,1,perlin2d,20,262,1.10756677526
2,256,65536,512,1,periodic_perlin2d,20,235,1.21839158078
2,256,65536,512,1,simplex4d_torus_point,20,15,20.554300944
2,256,65536,512,1,simplex4d_torus_grid,20,51,6.11329920152
2,256,65536,512,1,simplex4d_cached,20,67,4.4225436538
2,256,65536,512,1,simplex4d_cached,21,67,4.38589978574
2,256,65536,512,1,periodic_perlin2d,21,235,1.1992888755
2,256,65536,512,1,perlin2d,21,262,1.09659442465
2,256,65536,512,1,simplex4d_torus_point,21,15,20.317179362
2,256,65536,512,1,simplex4d_torus_grid,21,51,5.94757678462
2,256,65536,512,1,periodic_perlin2d,22,235,1.22204070396
2,256,65536,512,1,simplex4d_torus_grid,22,51,5.94380696615
2,256,65536,512,1,simplex4d_torus_point,22,15,20.942179362
2,256,65536,512,1,simplex4d_cached,22,67,4.56303838474
2,256,65536,512,1,perlin2d,22,262,1.32451530631
2,256,65536,512,1,simplex4d_torus_grid,23,51,5.93922932943
2,256,65536,512,1,simplex4d_torus_point,23,15,33.3982340495
2,256,65536,512,1,perlin2d,23,262,1.09673419982
2,256,65536,512,1,periodic_perlin2d,23,235,1.20821689038
2,256,65536,512,1,simplex4d_cached,23,67,4.21347546933
2,256,65536,512,1,simplex4d_cached,24,67,4.3406016791
2,256,65536,512,1,simplex4d_torus_grid,24,51,5.75504676968
2,256,65536,512,1,perlin2d,24,262,1.06555851361
2,256,65536,512,1,simplex4d_torus_point,24,15,19.8123168945
2,256,65536,512,1,periodic_perlin2d,24,235,1.22898832281
2,256,65536,512,1,periodic_perlin2d,25,235,1.20072385098
2,256,65536,512,1,simplex4d_torus_point,25,15,19.4680786133
2,256,65536,512,1,simplex4d_torus_grid,25,51,6.1222151214
2,256,65536,512,1,perlin2d,25,262,1.10928484502
2,256,65536,512,1,simplex4d_cached,25,67,4.39077348851
2,256,65536,512,1,perlin2d,26,262,1.17096063745
2,256,65536,512,1,simplex4d_torus_point,26,15,21.0753377279
2,256,65536,512,1,simplex4d_torus_grid,26,51,5.65200506472
2,256,65536,512,1,simplex4d_cached,26,67,4.26027668056
2,256,65536,512,1,periodic_perlin2d,26,235,1.17951738073
2,256,65536,512,1,simplex4d_torus_point,27,15,19.3981933594
2,256,65536,512,1,periodic_perlin2d,27,235,1.21246987201
2,256,65536,512,1,simplex4d_torus_grid,27,51,5.93043308632
2,256,65536,512,1,simplex4d_cached,27,67,4.40528072528
2,256,65536,512,1,perlin2d,27,262,1.08991433646
2,256,65536,512,1,perlin2d,28,262,1.12236547106
2,256,65536,512,1,simplex4d_torus_grid,28,51,6.00885129442
2,256,65536,512,1,periodic_perlin2d,28,235,1.23320234583
2,256,65536,512,1,simplex4d_cached,28,67,4.40045257113
2,256,65536,512,1,simplex4d_torus_point,28,15,20.4731241862
2,256,65536,512,1,simplex4d_torus_grid,29,51,5.79851935892
2,256,65536,512,1,simplex4d_torus_point,29,15,20.5665079753
2,256,65536,512,1,perlin2d,29,262,1.14178839531
2,256,65536,512,1,periodic_perlin2d,29,235,1.21948242188
2,256,65536,512,1,simplex4d_cached,29,67,4.38063891966
2,256,65536,512,1,perlin2d,30,262,1.1155630796
2,256,65536,512,1,simplex4d_cached,30,67,4.44868856402
2,256,65536,512,1,simplex4d_torus_grid,30,51,6.03895000383
2,256,65536,512,1,simplex4d_torus_point,30,15,20.5634562174
2,256,65536,512,1,periodic_perlin2d,30,235,1.23926040974
2,256,65536,512,6,periodic_perlin2d,0,47,6.59601739112
2,256,65536,512,6,simplex4d_torus_point,0,7,42.4183436802
2,256,65536,512,6,simplex4d_torus_grid,0,11,27.6983087713
2,256,65536,512,6,simplex4d_cached,0,12,26.1798858643
2,256,65536,512,6,perlin2d,0,38,7.24005448191
2,256,65536,512,6,simplex4d_torus_point,1,7,42.5005231585
2,256,65536,512,6,perlin2d,1,38,7.49696430407
2,256,65536,512,6,periodic_perlin2d,1,47,6.7266261324
2,256,65536,512,6,simplex4d_cached,1,12,26.1287689209
2,256,65536,512,6,simplex4d_torus_grid,1,11,27.9463334517
2,256,65536,512,6,periodic_perlin2d,2,47,6.66198730469
2,256,65536,512,6,simplex4d_torus_grid,2,11,27.6548905806
2,256,65536,512,6,perlin2d,2,38,7.09726434005
2,256,65536,512,6,simplex4d_torus_point,2,7,42.4628121512
2,256,65536,512,6,simplex4d_cached,2,12,26.0542551676
2,256,65536,512,6,periodic_perlin2d,3,47,6.6353655876
2,256,65536,512,6,simplex4d_torus_grid,3,11,29.0925459428
2,256,65536,512,6,simplex4d_torus_point,3,7,42.9131644113
2,256,65536,512,6,simplex4d_cached,3,12,28.6437988281
2,256,65536,512,6,perlin2d,3,38,7.17283550062
2,256,65536,512,6,perlin2d,4,38,7.08172446803
2,256,65536,512,6,periodic_perlin2d,4,47,6.50865270736
2,256,65536,512,6,simplex4d_cached,4,12,26.353708903
2,256,65536,512,6,simplex4d_torus_point,4,7,42.2001429967
2,256,65536,512,6,simplex4d_torus_grid,4,11,27.8443769975
2,256,65536,512,6,simplex4d_torus_grid,5,11,27.9112382369
2,256,65536,512,6,perlin2d,5,38,7.19656693308
2,256,65536,512,6,simplex4d_cached,5,12,26.3256072998
2,256,65536,512,6,simplex4d_torus_point,5,7,41.4862496512
2,256,65536,512,6,periodic_perlin2d,5,47,6.71958111702
2,256,65536,512,6,simplex4d_cached,6,12,26.7972310384
2,256,65536,512,6,simplex4d_torus_grid,6,11,27.997935902
2,256,65536,512,6,perlin2d,6,38,11.4390323037
2,256,65536,512,6,simplex4d_torus_point,6,7,81.50503976
2,256,65536,512,6,periodic_perlin2d,6,47,6.45566899726
2,256,65536,512,6,perlin2d,7,38,6.86713770816
2,256,65536,512,6,periodic_perlin2d,7,47,6.48498535156
2,256,65536,512,6,simplex4d_cached,7,12,25.5423227946
2,256,65536,512,6,simplex4d_torus_grid,7,11,28.4955111417
2,256,65536,512,6,simplex4d_torus_point,7,7,42.3328944615
2,256,65536,512,6,simplex4d_torus_grid,8,11,27.3187810724
2,256,65536,512,6,simplex4d_torus_point,8,7,42.6075526646
2,256,65536,512,6,periodic_perlin2d,8,47,6.62533374543
2,256,65536,512,6,simplex4d_cached,8,12,26.0732014974
2,256,65536,512,6,perlin2d,8,38,7.17954133686
2,256,65536,512,6,simplex4d_torus_grid,9,11,27.6826338335
2,256,65536,512,6,simplex4d_torus_point,9,7,41.4661952427
2,256,65536,512,6,perlin2d,9,38,7.16400146484
2,256,65536,512,6,simplex4d_cached,9,12,26.5501658122
2,256,65536,512,6,periodic_perlin2d,9,47,6.64767001538
2,256,65536,512,6,perlin2d,10,38,6.98226125617
2,256,65536,512,6,simplex4d_torus_point,10,7,42.1709333147
2,256,65536,512,6,periodic_perlin2d,10,47,6.61023728391
2,256,65536,512,6,simplex4d_torus_grid,10,11,28.6365855824
2,256,65536,512,6,simplex4d_cached,10,12,27.1387736003
2,256,65536,512,6,simplex4d_torus_point,11,7,42.824445452
2,256,65536,512,6,periodic_perlin2d,11,47,6.69188803815
2,256,65536,512,6,perlin2d,11,38,7.04546476665
2,256,65536,512,6,simplex4d_torus_grid,11,11,28.4501509233
2,256,65536,512,6,simplex4d_cached,11,12,26.9798278809
2,256,65536,512,6,perlin2d,12,38,7.31333682412
2,256,65536,512,6,simplex4d_cached,12,12,26.1835734049
2,256,65536,512,6,simplex4d_torus_grid,12,11,27.7601762251
2,256,65536,512,6,simplex4d_torus_point,12,7,43.2848249163
2,256,65536,512,6,periodic_perlin2d,12,47,6.59355001247
2,256,65536,512,6,simplex4d_torus_point,13,7,41.4936610631
2,256,65536,512,6,periodic_perlin2d,13,47,7.0875776575
2,256,65536,512,6,perlin2d,13,38,7.05180921053
2,256,65536,512,6,simplex4d_cached,13,12,26.5382130941
2,256,65536,512,6,simplex4d_torus_grid,13,11,27.4389093572
2,256,65536,512,6,simplex4d_torus_grid,14,11,27.5292136452
2,256,65536,512,6,perlin2d,14,38,7.06594366776
2,256,65536,512,6,periodic_perlin2d,14,47,6.5899138755
2,256,65536,512,6,simplex4d_torus_point,14,7,41.9671194894
2,256,65536,512,6,simplex4d_cached,14,12,26.2837727865
2,256,65536,512,6,simplex4d_cached,15,12,26.403427124
2,256,65536,512,6,simplex4d_torus_point,15,7,42.6398141044
2,256,65536,512,6,perlin2d,15,38,7.01398347553
2,256,65536,512,6,simplex4d_torus_grid,15,11,27.909712358
2,256,65536,512,6,periodic_perlin2d,15,47,6.64698823969
2,256,65536,512,6,periodic_perlin2d,16,47,6.5729993455
2,256,65536,512,6,simplex4d_torus_grid,16,11,27.6560003107
2,256,65536,512,6,simplex4d_cached,16,12,26.1871337891
2,256,65536,512,6,perlin2d,16,38,7.24555567691
2,256,65536,512,6,simplex4d_torus_point,16,7,42.5643920898
2,256,65536,512,6,simplex4d_cached,17,12,26.312383016
2,256,65536,512,6,simplex4d_torus_grid,17,11,28.1072443182
2,256,65536,512,6,perlin2d,17,38,7.24768387644
2,256,65536,512,6,periodic_perlin2d,17,47,6.61449026554
2,256,65536,512,6,simplex4d_torus_point,17,7,42.5340924944
2,256,65536,512,6,simplex4d_cached,18,12,26.1964162191
2,256,65536,512,6,simplex4d_torus_point,18,7,41.4596557617
2,256,65536,512,6,perlin2d,18,38,7.32610602128
2,256,65536,512,6,periodic_perlin2d,18,47,6.62481429729
2,256,65536,512,6,simplex4d_torus_grid,18,11,27.7131514116
2,256,65536,512,6,simplex4d_torus_grid,19,11,28.4845525568
2,256,65536,512,6,perlin2d,19,38,7.04494275545
2,256,65536,512,6,simplex4d_cached,19,12,28.9371490479
2,256,65536,512,6,periodic_perlin2d,19,47,6.46622028757
2,256,65536,512,6,simplex4d_torus_point,19,7,41.7319161551
2,256,65536,512,6,simplex4d_torus_point,20,7,42.5519670759
2,256,65536,512,6,perlin2d,20,38,7.19749049137
2,256,65536,512,6,simplex4d_cached,20,12,26.2781778971
2,256,65536,512,6,simplex4d_torus_grid,20,11,27.9804576527
2,256,65536,512,6,periodic_perlin2d,20,47,6.52254794506
2,256,65536,512,6,simplex4d_torus_point,21,7,42.4937656948
2,256,65536,512,6,simplex4d_torus_grid,21,11,28.1849254261
2,256,65536,512,6,perlin2d,21,38,7.25948936061
2,256,65536,512,6,simplex4d_cached,21,12,26.3229370117
2,256,65536,512,6,periodic_perlin2d,21,47,6.62845043426
2,256,65536,512,6,simplex4d_cached,22,12,26.2967427572
2,256,65536,512,6,simplex4d_torus_point,22,7,41.3096836635
2,256,65536,512,6,periodic_perlin2d,22,47,6.60936071518
2,256,65536,512,6,simplex4d_torus_grid,22,11,27.6736172763
2,256,65536,512,6,perlin2d,22,38,7.19094527395
2,256,65536,512,6,simplex4d_cached,23,12,25.8787790934
2,256,65536,512,6,perlin2d,23,38,6.88018798828
2,256,65536,512,6,simplex4d_torus_point,23,7,41.3066319057
2,256,65536,512,6,simplex4d_torus_grid,23,11,28.1127929688
2,256,65536,512,6,periodic_perlin2d,23,47,6.64065746551
2,256,65536,512,6,perlin2d,24,38,7.40260074013
2,256,65536,512,6,simplex4d_cached,24,12,27.2303263346
2,256,65536,512,6,periodic_perlin2d,24,47,6.78516144448
2,256,65536,512,6,simplex4d_torus_point,24,7,41.5468488421
2,256,65536,512,6,simplex4d_torus_grid,24,11,29.1094693271
2,256,65536,512,6,simplex4d_cached,25,12,26.4686584473
2,256,65536,512,6,simplex4d_torus_point,25,7,42.7209036691
2,256,65536,512,6,periodic_perlin2d,25,47,6.51248363738
2,256,65536,512,6,perlin2d,25,38,7.043216103
2,256,65536,512,6,simplex4d_torus_grid,25,11,26.81870894
2,256,65536,512,6,simplex4d_torus_point,26,7,41.4757864816
2,256,65536,512,6,perlin2d,26,38,7.02550787675
2,256,65536,512,6,simplex4d_torus_grid,26,11,27.1857521751
2,256,65536,512,6,simplex4d_cached,26,12,29.2541503906
2,256,65536,512,6,periodic_perlin2d,26,47,6.96865649934
2,256,65536,512,6,simplex4d_cached,27,12,26.2097676595
2,256,65536,512,6,perlin2d,27,38,7.05060456928
2,256,65536,512,6,simplex4d_torus_point,27,7,42.1589442662
2,256,65536,512,6,simplex4d_torus_grid,27,11,27.3644187234
2,256,65536,512,6,periodic_perlin2d,27,47,6.49196543592
2,256,65536,512,6,simplex4d_torus_point,28,7,41.1760602679
2,256,65536,512,6,simplex4d_cached,28,12,26.0681152344
2,256,65536,512,6,periodic_perlin2d,28,47,6.49206283245
2,256,65536,512,6,perlin2d,28,38,7.20351369757
2,256,65536,512,6,simplex4d_torus_grid,28,11,27.8202403675
2,256,65536,512,6,simplex4d_cached,29,12,27.5405883789
2,256,65536,512,6,simplex4d_torus_grid,29,11,27.6831886985
2,256,65536,512,6,periodic_perlin2d,29,47,6.65870828831
2,256,65536,512,6,simplex4d_torus_point,29,7,43.1514195033
2,256,65536,512,6,perlin2d,29,38,7.05273276881
2,256,65536,512,6,simplex4d_cached,30,12,26.2683868408
2,256,65536,512,6,perlin2d,30,38,7.5703671104
2,256,65536,512,6,simplex4d_torus_grid,30,11,27.2696755149
2,256,65536,512,6,simplex4d_torus_point,30,7,40.9408569336
2,256,65536,512,6,periodic_perlin2d,30,47,6.55111759267
