samples,octaves,method,observations,median_ns,mean_ns,sd_ns,min_ns,max_ns,time_ratio_to_periodic,median_batch_us
25,1,periodic_perlin2d,62,2.06531078671,2.1588782577704837,0.3652678840840821,1.97182763744,4.57095771984,1.0,0.051632769667749996
25,1,perlin2d,62,1.89789152829,1.942814080540645,0.1395494944126386,1.81184143154,2.77077999659,0.9189374986576738,0.04744728820725
25,1,simplex4d_cached,62,5.89974798969,5.993446168545,0.30085782835082786,5.64519126765,7.13025411539,2.8565908954981944,0.14749369974225
25,1,simplex4d_torus_grid,62,8.67182942138,8.796934308690968,0.3867541329866499,8.39070880902,10.4555215446,4.1988012056984685,0.21679573553450002
25,1,simplex4d_torus_point,62,13.6230328523,14.060627820859677,1.7962072221758123,13.0604104721,25.9541204258,6.596117610948629,0.3405758213075
25,6,periodic_perlin2d,62,9.01229225296,9.253391021883548,0.6753979792798175,8.48354862296,11.6286974054,1.0,0.225307306324
25,6,perlin2d,62,9.738358693575,9.93073175254871,0.5795226833077971,9.21880816097,12.246608374,1.080564014152618,0.243458967339375
25,6,simplex4d_cached,62,34.4902842034,35.216978641212904,2.2405212572693287,32.4994127115,41.4407154952,3.827026824620784,0.8622571050850001
25,6,simplex4d_torus_grid,62,37.31153000585,38.40243246606129,3.5302394920127567,35.1967997057,55.5319655353,4.140071022840543,0.9327882501462501
25,6,simplex4d_torus_point,62,42.399878567100004,42.95339876109677,2.7535663996420348,40.4190734841,56.5419125712,4.704671949933068,1.0599969641775
256,1,periodic_perlin2d,62,1.29921967711,1.3680064548022581,0.28460771282861264,1.21927921279,3.25871720776,1.0,0.33260023734016
256,1,perlin2d,62,1.177845154685,1.3124156239824194,0.406997997440408,1.11764219425,3.50437945816,0.9065789068904906,0.30152835959936
256,1,simplex4d_cached,62,4.407219017999999,4.686485240450323,0.68744999037213,4.15332376325,7.56917012587,3.3922046407143944,1.1282480686079999
256,1,simplex4d_torus_grid,62,6.16979950476,6.719115927981935,1.918525195879381,5.76119887643,17.0777582681,4.748850108616102,1.57946867321856
256,1,simplex4d_torus_point,62,12.028475808549999,12.74626374557742,2.169302729356116,11.3021602659,26.3140007728,9.258230936977714,3.0792898069887995
256,6,periodic_perlin2d,62,6.6593292367900006,6.803198361792742,0.4279651642289242,6.37836945032,8.30340872958,1.0,1.70478828461824
256,6,perlin2d,62,7.27641613052,7.3715829103596775,0.3550583049833616,6.8603814507,8.59441401454,1.0926650225252197,1.86276252941312
256,6,simplex4d_cached,62,26.593805595550002,26.993292244414516,1.3425123964109749,25.1654629787,32.2539154701,3.993466105960099,6.808014232460801
256,6,simplex4d_torus_grid,62,28.31790385835,28.918985516824193,1.724506002880121,27.0160330522,35.5113636364,4.25236579412615,7.2493833877376
256,6,simplex4d_torus_point,62,34.121437393549996,35.22667023771613,2.808990744737648,32.3826049048,46.0449947166,5.123854998044453,8.735087972748799
65536,1,periodic_perlin2d,62,1.2532793878650001,1.3010155145662903,0.12123123633101092,1.16980370055,1.71988567903,1.0,82.13491796312066
65536,1,perlin2d,62,1.14171595974,1.2543453550912904,0.31371479318068674,1.06555851361,3.03219511309,0.9109827950533425,74.82349713752063
65536,1,simplex4d_cached,62,4.47031277329,4.797246838396613,1.123054963213441,4.20607381792,12.7198859827,3.5668924396062356,292.9664179103334
65536,1,simplex4d_torus_grid,62,6.1317892635549995,6.539367840050645,1.0503837201199164,5.65200506472,11.8521865533,4.892595635838782,401.85294117634044
65536,1,simplex4d_torus_point,62,21.26922607425,22.260008528764516,2.9423658387670955,19.3981933594,33.3982340495,16.97085763971813,1393.900000002048
65536,6,periodic_perlin2d,62,6.674076960635,6.908049141280323,0.6171741905209799,6.43373147035,9.81773963341,1.0,437.3923076921754
65536,6,perlin2d,62,7.213348732855,7.558802230652742,0.9192812104487534,6.86713770816,11.4390323037,1.0808009520119004,472.73402255638524
65536,6,simplex4d_cached,62,26.54418945315,27.02331337878226,1.476215033655808,24.6849060059,31.2370300293,3.9772075763753962,1739.6000000016384
65536,6,simplex4d_torus_grid,62,28.0525901101,29.434569909775806,4.55278781545412,26.81870894,61.1850738525,4.203216456082184,1838.4545454555134
65536,6,simplex4d_torus_point,62,42.6236833845,46.22870766072581,11.487916759605385,40.9408569336,118.816757202,6.3864536827943015,2793.385714286592
