samples,octaves,method,observations,median_ns,mean_ns,sd_ns,min_ns,max_ns,ratio,run1_median_ns,run2_median_ns
25,1,periodic_perlin2d,62,2.20700140669,2.274368855427903,0.29624215088683625,1.958628703,3.7720048183,1.0,2.12049929667,2.25773646452
25,1,psrd2d,62,6.5322605745899995,6.656926533705806,0.7422129677013501,5.71962716095,9.74165051208,2.9597899461182964,6.34630126316,6.59821930647
25,6,periodic_perlin2d,62,9.516440378695,9.544921843395969,0.943773398224,8.39645594993,12.5188567649,1.0,8.64628802337,9.71454737404
25,6,psrd2d,62,35.4563681932,36.375789302232256,4.685840368476621,31.2304272261,51.0317287094,3.7258015373666606,32.2614283982,37.3169286853
256,1,periodic_perlin2d,62,1.3026732558899998,1.3109505320520967,0.07586426270168202,1.2093665856,1.52617778542,1.0,1.24512779032,1.36796660076
256,1,psrd2d,62,4.64218243346,4.643133535961774,0.31546533787062786,4.16831073096,5.42022283227,3.5635815907561663,4.32520588983,4.8256551267
256,6,periodic_perlin2d,62,6.50236811204,6.645253277890484,0.3611116821860279,6.27683278526,7.64247221544,1.0,6.4368507934,6.5666791341
256,6,psrd2d,62,25.61590031945,25.780246822185482,1.3667133878883349,24.0696925372,30.800227529,3.9394724934164755,24.745234036,26.4435758296
65536,1,periodic_perlin2d,62,1.2607951021,1.3129614846606452,0.14214190292156179,1.17009371647,2.0221840746,1.0,1.25584475441,1.2644362552
65536,1,psrd2d,62,4.52778291789,4.688062858235645,0.4963110101657491,4.13079512747,6.32340280633,3.591212331288767,4.57924290707,4.51970593683
65536,6,periodic_perlin2d,62,6.740288112475,7.014033872170161,0.7083301002290182,6.21936504657,9.12001236625,1.0,6.47442157452,7.05135179603
65536,6,psrd2d,62,26.632470024950003,27.085965611170966,2.665531434809761,24.1027832031,33.8317871094,3.9512361460719063,25.3662109375,26.905992296
